Name,Score
PA5470,5.24E-06
armZ,2.98E-05
recA,3.60E-05
lexA,4.21E-05
sulA,5.71E-05
rpmI,3.03E-04
rpmB,3.91E-04
PA3731,4.94E-04
PA0805,5.98E-04
PA3179,6.27E-04
rplT,6.74E-04
PA1440,8.10E-04
PA0622,9.06E-04
obg,9.50E-04
PA0613,9.55E-04
tssB1,0.001109273
rpmA,0.001233242
ptrB,0.001238136
mgtE,0.001251918
ampC,0.0012749
rplS,0.001341011
PA0617,0.001358696
PA2482,0.0015906
PA3732,0.001774344
PA0618,0.001811184
prtN,0.001990322
PA4111,0.002549394
rpsL,0.002695496
eco,0.002750786
PA4325,0.002772505
rimM,0.002918014
PA3306,0.002927298
PA0624,0.00317029
magF,0.003187759
hcp1,0.003249465
trmD,0.003279529
tagJ1,0.003397149
rpsB,0.003444905
Pae_tRNA,0.003487121
PA3966,0.003532605
dnaG,0.003548116
PA0623,0.003623188
PA5178,0.003695098
PA1029,0.003724228
PA2536,0.003825311
PA0922,0.003910793
PA0634,0.004076087
rpsP,0.004191666
rpoD,0.004352175
vgrG4,0.004420294
PA0637,0.004528986
PA5491,0.004543805
PA5446,0.004575785
rplI,0.004589243
tsf,0.004753528
PA2225,0.004781639
PA0329,0.004798095
proA,0.004972229
magD,0.005097163
PA2840,0.00515833
rpmF,0.005211791
PA1299,0.00536449
PA0124,0.005459717
rplU,0.005674892
tssC1,0.005712101
pchB,0.005737966
tssF1,0.005907372
prs,0.005966675
qsrO,0.006056742
rpsR,0.006193842
tssK1,0.006206433
rpsU,0.006311639
PA2539,0.006375518
PA0628,0.006793478
sutA,0.006815203
murD,0.00701307
recN,0.007021953
rplD,0.007082165
rpmJ,0.007115967
PA0635,0.007239813
PA0621,0.007246377
tpiA,0.007391456
tssE1,0.007476518
rpsI,0.007875845
PA1164,0.007903981
PA2537,0.007969398
flgZ,0.007969665
PA3720,0.008185534
purF,0.008237741
rpsK,0.008346541
alpA,0.008371423
PA0578,0.008605957
PA2224,0.008606949
rpsF,0.008639558
PA3021,0.008915767
magE,0.008925725
PA0619,0.009047715
PA1096,0.009097298
rpsM,0.009183392
PA2769,0.009218052
vqsM,0.009244501
PA0633,0.00951087
PA1030,0.009551028
PA3729,0.009684814
PA3850,0.009834156
PA3796,0.009918418
ig_370,0.01003641
hptB,0.010113415
tsi1,0.010187822
PA4324,0.010259237
PA1181,0.010468821
phoB,0.010682945
ddlB,0.010838381
PA0620,0.010854797
PA0632,0.010869565
PA5462,0.011050634
atvR,0.011233198
PA3352,0.011444092
PA0466,0.011475932
ftsQ,0.011794708
rpmE,0.011923886
PA0630,0.012228261
PA3718,0.012289486
PA4852,0.012398761
hxuI,0.01242025
zwf,0.012468353
PA0625,0.012681159
liuA,0.012930291
PA4514,0.013069812
guaB,0.013124163
PA2971,0.01338959
PA3413,0.013531656
PA0644,0.013586957
rplM,0.013659476
PA5113,0.013707364
PA4826,0.013714264
PA3940,0.013752647
PA3664,0.013983931
PA2223,0.01402614
PA0640,0.014039855
PA0126,0.014322064
PA2222,0.014344916
rplA,0.014462739
gyrA,0.014801083
PA2289,0.014982467
PA4635,0.015232237
PA2288,0.015256737
trpG,0.01528445
PA0645,0.015398551
PA3185,0.015535103
PA2901,0.015798459
secY,0.015818148
PA0563,0.015903995
rplK,0.016153139
PA2538,0.016257571
armR,0.016352418
rpsA,0.016520095
PA2540,0.016542
infC,0.016702629
pstS,0.016787486
sigX,0.017080128
PA1069,0.017180995
ftsZ,0.017213899
alpR,0.01756777
tse1,0.017811616
PA4223,0.01785145
warA,0.018105153
bfrB,0.018271697
PA2027,0.018568841
pchG,0.018807778
amgR,0.01885772
secE,0.018963076
PA4222,0.019126554
tplE,0.01944533
PA0125,0.019722623
PA4453,0.019872757
PA0638,0.019877898
htpX,0.020079265
PA0469,0.020166107
argF,0.020291017
clpV1,0.020349629
phoQ,0.020435897
gcdH,0.020555695
hisH2,0.020720434
PA1439,0.020795546
PA0646,0.020833333
crfX,0.02095238
PA0668.4,0.021039209
aguB,0.021308828
wbpH,0.021357985
PA0537,0.021377703
PA2983,0.021393943
ftsA,0.021618026
PA4280.2,0.021676761
PA0627,0.021680057
PA1639,0.021808413
fusA1,0.022003711
PA4690.2,0.022314313
PA3472,0.022335874
PA5369.2,0.022633089
tagT1,0.022951865
PA3414,0.023125987
PA0614,0.023481395
murG,0.023589417
proB,0.023699092
PA5182,0.023813763
pchF,0.024226968
PA3009,0.024248084
PA2865,0.024525731
ftsW,0.024545744
PA3727,0.02486452
metZ,0.025032871
PA0639,0.025281913
prrF2,0.025502072
PA5348,0.025562762
ig_120,0.025607673
tssL1,0.025639637
tsi2,0.025746839
PA0647,0.025815217
pchA,0.025820848
rpoB,0.026425218
vgrG1,0.026687549
tig,0.026725094
wzx,0.026777176
hfq,0.026859121
wzy,0.027095952
PA2854,0.027421978
cupC1,0.02772096
tssJ1,0.027731832
PA0919,0.027733503
thrS,0.027847949
PA2765,0.027896968
creD,0.028052279
PA3730,0.028058674
tli1,0.028371055
PA1592,0.028498321
PA1157,0.028638124
pchE,0.028689831
vgrG2b,0.029008607
pfiT,0.029024558
PA3317,0.029219871
dinB,0.02926067
oprI,0.029646159
nrdB,0.030281373
tssG1,0.030485422
PA0629,0.030678544
PA4354,0.030798237
hisF2,0.030921262
PA0734,0.031107922
nadE,0.031213447
PA4220,0.031240038
smpB,0.03148229
rluC,0.031806621
ig_312,0.031841069
ampP,0.032196366
PA4940,0.032341182
PA0626,0.03247578
hflC,0.032482998
PA5061,0.032868093
PA1305,0.033079403
gcd,0.033152694
pyrD,0.033186292
rbfA,0.033215356
PA0041,0.03347147
fis,0.033541547
nqrA,0.033655775
rplO,0.033763206
ig_111,0.033801786
PA1343,0.033907493
dnaJ,0.03405219
PA0615,0.034272195
PA4672,0.034368047
tagR1,0.034427797
ig_289,0.035045901
fptA,0.035065349
ig_524,0.035664164
pchC,0.035702901
PA0631,0.03606779
wbpI,0.036340453
wbpG,0.036978004
PA3806,0.037291718
ampO,0.037934332
pyoS5,0.038043478
wbpE,0.038253108
PA4406.1,0.03889066
PA4518,0.039528212
PA0616,0.039656519
PA2906,0.039678262
mliC,0.039856522
liuR,0.0403225
mucB,0.040327561
prtR,0.040483119
PA3187,0.040484539
magC,0.040595201
PA3559,0.040803315
prrF1,0.041122091
PA2228,0.041440867
PA0641,0.041449653
PA4280.5,0.041759643
pppA,0.041857095
PA4507,0.041968714
PA5184,0.042350248
PA2729,0.042397195
PA4004,0.042429688
PA5369.5,0.043034747
PA5481,0.04319195
purE,0.043269535
PA2559a,0.043353522
PA4690.5,0.043672298
PA0668.1,0.04430985
tagQ1,0.044379662
hisG,0.044404159
PA3048,0.044945669
sucC,0.044947402
PA3973,0.045020984
PA0636,0.045033459
pheT,0.045114231
PA0642,0.045289855
PA2560,0.045543645
PA4933,0.045801583
PA1031,0.045863345
PA2770,0.046875
PA1095,0.047130217
PA3190,0.048135161
magB,0.048160464
murA,0.048221718
P27,0.048772713
PA3109,0.048792403
dnaK,0.049198591
PA4943,0.049220144
PA1852,0.049238485
PA2974,0.049395889
murC,0.049419918
pcnA,0.049642865
PA3980,0.049891761
PA2855,0.049999005
PA0045,0.050047816
PA3292,0.050366592
PA2900,0.050612532
PA0921,0.050653755
icmF1,0.050678966
cynS,0.051004144
rpsD,0.051024226
argG,0.051048633
rpsO,0.051526984
PA5465,0.051601241
gloA1,0.051835889
tolA,0.051841325
PA2894,0.052159031
PA0643,0.052191225
guaA,0.052218764
tse2,0.052364573
ccoO2,0.052598024
PA4723,0.053258815
pilR,0.053873127
ccoP2,0.054191903
ig_364,0.054344866
rpsE,0.054568189
PA0435,0.055467007
sucD,0.055785783
PA0277,0.055810149
PA3371,0.056230565
infB,0.056373611
arnF,0.056423334
phzS,0.05674211
aspS,0.057031882
phoP,0.057075268
nrdA,0.057550935
PA2568,0.057648438
dapB,0.057805037
PA3270,0.057897472
PA4326,0.057996862
PA0046,0.058017214
ppkA,0.058224718
PA5048,0.058409486
lepA,0.058579488
PA4359,0.05892645
PA1612,0.058973542
mgtA,0.058975634
nth,0.059611093
PA2116,0.060248645
ccoQ2,0.060886197
amrZ,0.061384965
PA1199,0.062244287
PA2781,0.062289434
PA2748,0.062528675
rimK,0.062798852
trpF,0.062970202
PA0467,0.06324709
still frameshift 3-phosphoshikimate 1-carboxyvinyltransferase prephenate dehydrogenase,0.063405797
PA2860,0.063610894
atpG,0.06375518
PA2604,0.063897367
nadD1,0.064079554
atuR,0.064204693
ffh,0.064285693
atpC,0.064392732
rpmD,0.064657726
PA3866,0.064685728
PA5212,0.064770466
PA2737,0.064846322
PA1345,0.065006923
PA3076,0.065030284
PA3212,0.06534906
PA0434,0.065667836
PA0096,0.065966069
PA1545,0.066099168
PA0648,0.066467375
PA2984,0.066519924
PA2117,0.066624163
rplR,0.066721167
PA3741,0.067369739
PA5306,0.067428877
gcp,0.067517344
rpoH,0.067562975
sucA,0.067580491
pheS,0.067713898
PA2959,0.067954884
mreB,0.068046068
gapA,0.068153366
fiuA,0.068218043
alpE,0.068248202
lysS,0.068300196
PA3177,0.068695244
PA4746,0.068713064
cysE,0.068960368
folE2,0.069024454
PA0433,0.069493146
tagS1,0.069515909
PA4322,0.069811922
nusG,0.069973236
ig_194,0.070018391
algQ,0.070028877
rplB,0.070333838
estA,0.070449474
PA2161,0.07076825
PA5526,0.071511452
PA0050,0.072020591
PA5033,0.072043354
bamI,0.072104582
phaF,0.072174466
gcvT2,0.072680905
dhcA,0.073400351
PA2973,0.073466599
PA3463,0.073636017
PA3293,0.074274785
PA4571,0.074593561
PA0060,0.074911365
tufB,0.074912337
hisE,0.075180686
atpD,0.075231113
PA4564,0.075548943
mexG,0.075578913
truB,0.075852303
PA2137,0.07618744
ugmR,0.076347728
wzz,0.076415736
PA3493,0.076506216
sbrI,0.076808645
PA4399,0.076824992
PA2943,0.076976135
rpmG,0.077019471
PA1907,0.07778132
PA3075,0.078100096
PA1241,0.078462473
icmP,0.078737647
PA3835,0.079026255
PA4574,0.079126758
mvaT,0.079135279
cheR1,0.080487498
PA0041a,0.080650303
pys2,0.080691015
PA5305,0.080920709
pilP,0.080969079
mvaU,0.081080231
arcC,0.081287855
opmB,0.081925406
betB,0.08202976
PA3494,0.082244182
peptide chain release factor 2(prfB),0.082750786
rplJ,0.082791343
PA5482,0.083056742
PA1533,0.083057018
PA1790,0.083071764
ndk,0.083279779
PA1048,0.083766624
flhF,0.084183749
rplC,0.084567914
motY,0.084573025
PA2274,0.08508203
PA4357,0.085113165
crc,0.085155507
gatA,0.085404664
arcB,0.085431941
pilQ,0.086069493
idh,0.086233552
PA0529,0.086426452
ssg,0.087344597
ribA,0.087391898
ampDh3,0.087783144
nalC,0.087847064
tle5b,0.087982149
PA2658,0.088016761
PA3369,0.088396194
PA1053,0.088704488
PA4739,0.089028524
hxuR,0.089084817
galU,0.089127638
rplL,0.089208419
rplW,0.089462066
PA1193,0.089593352
PA1602,0.089606005
pslC,0.089894804
PA4524.1,0.09021358
PA4401,0.090532356
nuoG,0.090851132
PA5316.1,0.091807459
PA0810,0.092331171
aotJ,0.09254131
ilvC,0.092763787
PA5114,0.093082563
PA4689,0.094038891
PA2942,0.094152268
PA0947,0.094560442
tli5b2,0.094676442
PA3262,0.094714673
sucB,0.095313994
PA1679,0.095380326
PA2481,0.095397623
PA4395,0.095674177
PA4611,0.095921162
PA5382,0.095922334
sppB,0.095951546
ubiB,0.096589098
PA3819,0.096781908
PA4691,0.096907874
bkdA2,0.097826087
PA0359,0.098435712
algR,0.098707252
PA0483,0.098820529
ptrC,0.099019321
PA0456,0.099550899
PA2736,0.099707011
PA1832,0.099723322
PA4842,0.100198278
fpvE,0.100733185
exoT,0.101106448
PA4457,0.101116908
PA2133,0.101370736
ig_352,0.101502048
sdaA,0.101689512
PA0095,0.101809675
recQ,0.101937325
gatC,0.102148725
PA3616,0.102323873
bkdA1,0.102807971
ibpA,0.103432001
rpsC,0.103601079
PA0047,0.103920944
nqrF,0.104206049
PA1641,0.104226566
pilO,0.104558495
hscB,0.105037933
PA3577,0.105193867
PA3759,0.105196047
PA3979,0.105326812
PA2307,0.105514823
dsbA,0.105590231
PA1093,0.105670226
PA2746a,0.105833599
PA3716,0.105869435
htrB2,0.105977958
PA0733,0.106089137
PA0880,0.106471151
PA4582,0.106563065
PA3768,0.10735084
arsR,0.107524611
lolD,0.107540433
iscR,0.107970878
tagF1,0.108155775
clpP,0.108685037
PA3661,0.108980765
leuS,0.109044713
gltX,0.109309345
PA0853,0.109340134
PA5435,0.109977686
hasI,0.11007568
PA3386,0.110187596
PA4607,0.110391576
pvdS,0.111023863
pilA,0.111252789
PA2659,0.111334958
PA2980,0.111571691
PA0758,0.111610383
PA3040,0.111789393
hslU,0.111871449
PA4014,0.112475352
PA4317,0.112502215
typA,0.112704993
pvcB,0.112846669
fpvF,0.113165445
pncB1,0.113308499
mdcD,0.113484221
clpX,0.113710395
atpH,0.114121772
lpdV,0.114130435
ccmG,0.115396876
PA0735,0.115589341
PA2469,0.115715652
PA2956,0.115952796
imm2,0.116020384
PA3189,0.116034428
cobQ,0.116353204
kerV,0.116525754
PA2035,0.11667198
PA3172,0.116696133
wapB,0.117267263
PA0055,0.117893934
pta,0.117947083
PA1344,0.11796362
PA2985,0.118016573
murF,0.118063944
cobV,0.118265859
PA2205,0.119300636
pilF,0.119486394
arnE,0.119859739
pilN,0.12049729
PA4714,0.120901835
gpsA,0.12127199
groES,0.121273081
PA3818,0.121281709
PA4420,0.121397908
PA2181,0.12209117
mscL,0.122249183
PA1804.1,0.122409946
nusA,0.122438268
PA5568,0.12243969
cntI,0.123685049
grxC,0.123793449
tssA1,0.123839654
psrA,0.12397314
P26,0.124003825
mexY,0.124127187
PA0042,0.124469562
cupA5,0.124641377
cdhB,0.125278929
PA3606,0.125662211
PA0250,0.126141089
iscS,0.126362388
PA3031,0.126662867
PA1374,0.1267127
cmpX,0.126803875
PA1964,0.127171388
rho,0.127178432
fliF,0.127588618
serS,0.127648929
PA2569,0.127728315
surA,0.127946099
mksB,0.128466688
PA4463,0.128785464
fdx1,0.129726636
cobC,0.129741792
PA1450,0.129911883
PA2090,0.130060567
ptsN,0.130698119
PA2530,0.131016895
htpG,0.131118669
himA,0.13134845
ig_884,0.131811529
lpdG,0.131973223
PA2462,0.132291999
cmk,0.132357339
PA5423,0.132740285
PA2535,0.13287742
efhP,0.132929551
pqqC,0.133248326
PA2766,0.133273655
ig_125,0.133561998
PA4015,0.133785589
vgrG2a,0.134109235
glmM,0.134151155
tse3,0.134222065
PA3214,0.134842206
lolA,0.135805191
atpA,0.13611731
mraY,0.136571644
lptF,0.136630525
PA4737,0.137392413
PA2993,0.137527322
minE,0.137897147
fabD,0.137928336
PA4320,0.138029965
bswR,0.138062769
chpA,0.138348741
tse5,0.13839574
PA4671,0.138423471
pslL,0.138667517
PA2291,0.138986293
PA1360,0.139412525
PA0833,0.139547279
cycH,0.139623844
PA3169,0.139869218
PA2213,0.140261396
mapZ,0.140346959
PA4629,0.14035111
alpD,0.140413576
sdhB,0.140898948
PA3309,0.141030951
PA4736,0.141217724
fpvD,0.141855276
PA2754,0.142355328
PA4323,0.142492828
ansA,0.142811603
clpA,0.143130379
rpoA,0.143220784
rpsH,0.143524714
pitA,0.144236078
gntK,0.144236766
PA4936,0.144724259
bacA,0.14489534
pvdL,0.145043035
PA0039,0.145244417
PA4106,0.145361811
ssb,0.145382351
PA3950,0.145933228
muxB,0.145999362
ftnA,0.146127432
nuoF,0.146318138
cobU,0.146636914
rplP,0.146691116
PA1579,0.147212344
rplE,0.149166872
PA4451,0.149650451
gltD,0.149824673
PA4793,0.149964093
PA3203,0.150139703
vgrG4a,0.150462225
rph,0.15086791
rmlC,0.151099777
PA3123,0.151344444
wspE,0.151737329
alr,0.151764554
rlpA,0.152020697
PA2166,0.15237488
pyrF,0.152540076
PA4421,0.153352807
glk,0.153963982
PA3054,0.15396876
PA0267,0.154139641
cupA4,0.154287536
tolR,0.154788788
PA2755a,0.154925088
rplF,0.154945527
PA3990,0.155199
rubA1,0.155247217
PA4321,0.155562639
PA5183,0.155569119
PA4441,0.15604447
pscE,0.156518967
groEL,0.156718445
PA4154,0.156839953
capB,0.157064719
PA0490,0.157321305
gapN,0.157436477
PA3157,0.157794071
PA2826,0.158677029
PA1828,0.158713046
PA2879,0.158746986
PA3797,0.159069174
nuoI,0.15938795
lasI,0.159481114
gntR,0.159927837
rpsJ,0.160358318
arnA,0.16098183
PA3015,0.161086465
nppA2,0.161300606
tli5b3,0.161619382
PA5335,0.161668637
PA0310,0.161822515
nrtR,0.162120257
PA3338,0.16234322
PA1483a,0.162575709
warB,0.162833171
qslA,0.163677986
PA4282,0.163850813
PA0499,0.164169589
PA2691,0.164331166
oprQ,0.164807141
PA2883,0.165130414
PA4789,0.165204121
PA0697,0.165444692
PA2581,0.165590105
PA5524,0.165820531
PA3779,0.165967188
ohrR,0.166026458
ftsK,0.166253669
pauB1,0.166364371
PA2630,0.166666667
mfd,0.166983367
PA2160,0.167038572
PA2726,0.167214574
rne,0.167507882
PA0419,0.167874857
ppiD,0.168131368
ftsL,0.168299855
nuoH,0.168313675
PA3740,0.168637924
PA2297,0.168951227
rpsG,0.169946257
accC,0.170154385
carB,0.170545107
fleS,0.171902153
pqsC,0.172138986
PA4576,0.172457762
PA1611,0.172776538
ligD,0.17341409
PA0698,0.174370418
PA4583,0.174833502
flgM,0.175038687
PA2154,0.175326745
prfC,0.175327121
PA2180,0.175645521
alpC,0.175797606
purK,0.176142872
tsi4,0.176363519
PA4738,0.176914833
PA1909,0.176920625
PA2200,0.177558177
rpmC,0.177882614
pauB3,0.177907347
ig_520,0.178492297
PA3492,0.178514504
PA3817,0.178631995
PA0249,0.178816107
fprA,0.178904005
algA,0.179152056
ohr,0.179312504
PA3213,0.179400614
rpoZ,0.1797485
PA2747,0.180015863
PA1428,0.18039982
PA3188,0.180616982
rplX,0.180633998
PA3460,0.180706522
PA0879,0.181064712
PA0462,0.181631359
PA5438,0.181675861
parC,0.181702263
PA2162,0.182021039
PA3712,0.182060292
ftsH,0.182579345
erdR,0.18261915
zur,0.182720337
mucA,0.182880198
oprF,0.1830485
mexR,0.183080452
PA1441,0.183080601
PA2032,0.183237
metH,0.183296143
muxA,0.184316327
atpE,0.184571246
nppB,0.184890022
tsi3,0.185478391
crcZ,0.185527574
prpB,0.185648059
purB,0.186002802
PA5406,0.186570011
cdhA,0.186802678
PA3370,0.186995341
nrdJb,0.18744023
ig_354,0.187467181
PA0460,0.187536477
oprC,0.188077781
gacA,0.188230361
fabI,0.188396557
PA0929,0.18843878
fdx2,0.18844172
PA1291,0.188445777
PA2609,0.188715333
PA5523,0.188725837
PA3201,0.188927601
PA2156,0.189352885
pbpA,0.189909731
PA5329,0.190385349
PA1296,0.19062615
prc,0.190946764
pyrG,0.191033455
PA0858,0.191231855
pgi,0.19126554
carO,0.19149643
PA4830,0.191546006
algU,0.191796838
PA0308,0.191911484
PA3318,0.191958794
sdhC,0.193290847
PA1606,0.193819153
PA2460,0.193970207
PA3046,0.193994799
PA2963,0.194746787
cbrA,0.195090851
PA2325,0.195409627
PA4352,0.195759866
PA2823,0.195807504
pqsE,0.196047179
ospR,0.196555583
PA3229,0.196871423
PA1835,0.197014562
fruK,0.197322282
tle1,0.19760346
PA0100,0.197916667
PA2155,0.197959834
pvcC,0.19827861
accD,0.199006079
proS,0.199471864
PA1451,0.200023596
PA4360,0.200074035
PA1377,0.200090462
rluD,0.20013359
PA5183a,0.200828817
lipB,0.201458437
hasD,0.202103921
motB,0.202165052
PA0856,0.202401371
pslJ,0.202422697
PA0201,0.203324322
PA1209,0.203650751
mexX,0.204108995
pilZ,0.204194531
pilB,0.204335352
fimS,0.204624929
PA2136,0.204972904
PA1274,0.20529168
PA1066,0.205929232
PA0596,0.205953099
PA3017,0.206507735
rmf,0.206885559
wbpD,0.207274249
thiI,0.20745646
PA4535,0.207731936
nfxB,0.208143083
PA5126,0.208370714
PA2062,0.208479439
pslD,0.208481268
PA3675,0.208875056
PA2707,0.209106221
PA4377,0.209195531
PA0069,0.209770384
PA0468,0.210070316
hemA,0.210473428
PA0661,0.210988172
PA2458,0.211029646
valS,0.21240942
PA3854,0.212420255
pstC,0.212514308
atpF,0.212942302
PA1283,0.213108549
lolE,0.213243302
PA3691,0.213256554
PA2379,0.213407495
PA5149.1,0.213579853
PA4319,0.213848522
PA0097,0.214510268
PA3429,0.215173733
PA3496,0.215277019
pslA,0.215299696
PA0668.5,0.215811285
PA4349,0.215948111
pmpR,0.216007918
PA2201,0.216130061
frr,0.216307004
PA2286,0.216485507
PA4840,0.216717692
PA4866,0.216767612
map,0.216964214
leuC,0.217712964
PA1061,0.21772394
glnS,0.217793992
cbcV,0.218042716
metK,0.218122791
PA4578,0.218361492
cysM,0.218613802
PA2465,0.218680268
glnK,0.219490946
aruC,0.219606211
PA1114,0.220042351
PA1013.1,0.220274147
PA2692,0.220591176
rpoC,0.220896347
rsmZ,0.220911699
ahpF,0.220930613
PA2411,0.221514396
PA0699,0.221549251
PA4026,0.222363923
rpsT,0.223355699
PA2915,0.223445282
wbpM,0.223606073
PA1940,0.223780682
PA0200,0.223921163
wbpK,0.224135532
PA3689,0.224528805
PA1572,0.224573271
PA2627,0.225162781
PA2812,0.225543478
PA5229,0.226481704
rpsN,0.226537784
xenB,0.226968441
PA4656,0.227493096
PA2450,0.227792335
fdxA,0.227802707
ilvH,0.228243545
pyrC,0.228713768
exsC,0.228914373
magA,0.229307233
cobO,0.229518648
cspD,0.229650549
rhlG,0.230002503
PA4308,0.230138112
PA1263,0.23020806
PA1315,0.230446395
PA0387,0.230474976
PA0238,0.23175008
fpvC,0.232068856
PA3284,0.232536299
hscA,0.23260648
PA4045,0.232833573
mexC,0.233117131
nuoJ,0.233343959
PA3575,0.233979112
PA3785,0.233981511
PA0127,0.234428021
PA1654,0.234694806
PA3674,0.234977441
psCA1,0.235350894
dctD,0.235575391
PA4069,0.2357058
PA3619,0.235894166
holA,0.236850494
PA4533,0.236869438
PA5339,0.23716927
wspD,0.237488046
comL,0.238071985
PA3282,0.238125598
PA3978,0.238501953
PA1065,0.238524652
PA3998,0.238740726
ureA,0.23876315
esrC,0.238840137
rmlA,0.239081925
rpsS,0.23937296
PA2197,0.239400701
PA1410,0.240357029
fur,0.240504449
PA1821,0.240591248
PA2189,0.240675805
PA3838,0.240994581
folK,0.241693218
flgF,0.241974261
hflK,0.242259946
fabF1,0.24260355
PA4368,0.242661607
pauR,0.242735984
sltB1,0.242838332
PA2957,0.242907164
ig_199,0.243037009
PA3793,0.243317102
gbt,0.24365942
thrC,0.243863564
PA0937,0.244085471
PA4530,0.244501116
PA0968,0.244502843
PA2668,0.244563144
cdhC,0.244819892
PA2798,0.245354972
nirE,0.245457443
uvrC,0.245669551
gdhB,0.245697262
glyA2,0.245776219
ppgL,0.245881602
hsiB2,0.246413771
mdpA,0.246852346
bkdB,0.247278917
mexW,0.247370099
PA0370,0.247688875
PA0401,0.248308194
PA0671,0.248974415
PA3144,0.249431042
PA3139,0.249513084
PA2454,0.24960153
PA1923,0.249920306
PA3789,0.250557858
gmk,0.250796541
lrp,0.250858647
ccoN2,0.25119541
ppsA,0.251288862
PA0446,0.251430752
PA0882,0.251514186
PA5518,0.251803551
fdnI,0.251832961
PA3647,0.252151737
amn,0.252345355
PA1425,0.252455987
aatM,0.252470513
PA2613,0.252644557
pruR,0.252738818
PA0655,0.253475029
PA4383,0.253882263
PA3321,0.253982704
PA3663,0.254483022
cpxR,0.254877756
PA3690,0.255246089
PA3967,0.25593097
PA2134,0.255977048
tal,0.256078794
PA2464,0.256172901
PA2867,0.256600298
osmC,0.257916826
PA2317,0.258208479
PA4456,0.258472005
PA1198,0.258473128
pslF,0.258809042
PA2292,0.258846031
PA4495,0.258993446
ribE,0.259687275
PA4361,0.26054229
ltaA,0.260758687
PA3170,0.260819927
wbpA,0.26089201
ureC,0.261077463
PA5079,0.261715014
hepA,0.262508861
waaF,0.262540324
PA4960,0.262772028
PA4422,0.263258298
PA2017,0.263308894
rplV,0.26334397
wspR,0.26362767
pgk,0.263815508
PA1573,0.263866381
opmD,0.263946446
pvdI,0.264583997
PA3613,0.264784433
PA2756,0.265215237
PA4099,0.265221549
adhA,0.266815429
PA2618,0.267127295
dotU2,0.267134205
PA4721,0.267452981
PA0351,0.267541327
PA2218,0.267771756
PA4570,0.267844035
PA3709,0.268115942
nusB,0.268252699
aotP,0.268409308
aprI,0.268981305
PA5037,0.269247454
clpV2,0.269684412
glpD,0.269744372
rpoN,0.270105645
PA3419,0.270125906
PA1689,0.271278291
ppa,0.27137338
pilM,0.271597067
PA2316,0.271915843
nagZ,0.272008542
pdxB,0.272056473
PA0053,0.272189349
PA3208,0.272528289
PA0452,0.273097826
ptsP,0.273200783
PA4784,0.27355971
PA4683,0.273941244
fha1,0.274376223
odsA,0.275103602
vgrG3,0.275741154
birA,0.275899046
cupA3,0.27605993
atpI,0.276193763
narG,0.276378706
fdhE,0.276697482
PA4105,0.277016258
PA3919,0.277335033
PA3717,0.278182944
pqsD,0.278928913
tplEi,0.278975962
pmiR,0.279037319
PA4058,0.279282717
ahpB,0.280808852
azu,0.281160344
PA1653,0.28133535
PA2055,0.282435448
pheA,0.282837037
cca,0.283098054
PA1944,0.283391776
PA2220,0.283710551
PA3215,0.283738318
rsaL,0.283861122
PA5230,0.284348103
PA1116,0.284599576
PA1600,0.284885053
trxA,0.285368973
PA4063,0.285447384
arcA,0.285623207
PA4429,0.286260759
PA4573,0.28652589
PA0974,0.286566324
PA2457,0.28689831
PA1159,0.286913392
PA5436,0.286994142
nqrE,0.287397359
icmF3,0.287535862
chpB,0.288173414
PA0367a,0.28849219
PA3938,0.289485662
dsdA,0.291306327
PA2145,0.291962549
tse6,0.291998725
PA2929,0.292079861
PA0099,0.293025362
pscF,0.293592604
PA5252a,0.29391138
aatP,0.294548932
PA1675,0.294636473
PA2324,0.294867708
PA2221,0.295158147
PA3574a,0.29550526
dspI,0.295742754
fiuI,0.29574987
rplN,0.295918205
PA3057,0.296142812
exsE,0.296451736
mdoH,0.296461588
pscH,0.297099139
PA4185,0.297558047
PA1746,0.297849284
PA0959,0.298050081
PA0569,0.298055467
PA5437,0.298551906
PA0982,0.298693019
PA1518,0.298847086
glnA,0.299215636
liuB,0.299369625
mutS,0.299457834
PA5392,0.300286898
ampE,0.300526913
PA4874,0.300622696
PA4593,0.30092445
glyA3,0.301067895
PA0754,0.301177536
pslM,0.301376447
PA2179,0.301880778
PA0846,0.302230314
PA0123,0.30255176
mutY,0.302837106
femA,0.303155881
PA3432,0.303442029
PA1036,0.304320722
PA2089,0.304430985
PA5381,0.304463945
PA4833,0.304533954
atoB,0.304822057
pauC,0.304840384
PA1967,0.304845479
vgrG4b,0.305387313
algC,0.305421808
PA5286,0.30599008
PA3986,0.306073641
dauB,0.306753148
mexB,0.306976213
PA0388,0.306981192
phuT,0.307168152
PA0021,0.307299968
PA5370,0.307516215
PA3219,0.307897749
serC,0.308065515
PA2844,0.308266764
PA5104,0.308419799
PA2229,0.308575072
PA4088,0.309212624
PA1141,0.309423884
odsB,0.309531399
PA5190,0.309980856
ureB,0.310168951
PA1974,0.310483053
ccoQ1,0.310487727
lpxC,0.310864923
phhB,0.311141304
rpiA,0.311475828
PA5537,0.311713087
PA2455,0.311762831
betI,0.311858218
PA5391,0.312081607
PA3400,0.312719158
oprM,0.313107238
PA3341,0.314344736
selD,0.314389603
PA4928,0.3145198
PA1539,0.314612232
PA4558,0.31495059
PA3286,0.315136807
PA4398,0.315906917
PA4639,0.315915485
PA5442,0.316291492
gltB,0.317028986
pdxA,0.317500797
thiL,0.31768536
rpsQ,0.317985765
PA1474,0.318033537
hupB,0.318399518
purH,0.318407783
PA2775.1,0.318457125
glcC,0.318536587
PA4195,0.319071461
PA4579,0.319094676
PA5504,0.319131026
PA4862,0.319413452
PA5402,0.319725296
PA3133.1,0.319732228
tpbA,0.320106829
infA,0.320700368
PA5217,0.320780452
PA3733a,0.321644884
PA0775,0.3219086
dsbG,0.32271279
tolB,0.322834512
pqsB,0.322919987
nadD2,0.323134071
purM,0.32354314
wapP,0.323557539
ubiG,0.323654469
PA3791,0.323876315
P32,0.324195091
PA3573,0.324467548
rhlA,0.324685235
PA4634,0.325264994
PA4718,0.325393716
PA4827,0.325737958
cobD,0.32578897
PA2563,0.325829836
mreC,0.32597478
algI,0.326107746
PA3136,0.32621137
aat,0.32640858
PA0163,0.326974437
PA2105,0.327264452
choE,0.327327578
PA3722,0.327355846
PA2827,0.327451695
PA3981,0.327471421
phrS,0.327701626
lspA,0.327873937
nppD,0.328020402
PA0428,0.328174784
wbpJ,0.328296498
PA2542,0.328339178
PA1627,0.328946515
PA2092,0.328976729
pabC,0.329085116
PA2423,0.32911601
hsbD,0.330050998
PA1404,0.330078125
fusA2,0.33013313
acnB,0.330251833
PA1574,0.331053446
PA2252,0.331208161
cysS,0.331273883
PA2541,0.331737818
PA5528,0.331806125
dacC,0.332866584
PA2198,0.332956296
tyrZ,0.333181611
aphA,0.333758368
pslE,0.333929004
PA0392,0.33439592
nuoN,0.334714696
aauS,0.335249947
PA3205,0.336371528
PA1218,0.336627351
PA4724,0.336765742
hutU,0.337264903
PA5318,0.33822123
PA2875,0.338545703
PA1076,0.338729829
himD,0.339562134
PA1913,0.339565052
PA0098,0.3399338
fimV,0.340115385
aatQ,0.340452662
PA5463,0.340831238
PA3140,0.340919436
PA2710,0.341090214
icmF2,0.341408989
PA3131,0.341409326
pprB,0.341470246
sth,0.341552972
PA4895,0.341618655
PA1601,0.342046541
PA1280,0.342256383
PA0712,0.342371534
PA2713,0.342732612
PA0216,0.342998855
dapE,0.344202899
PA1530,0.344277973
PA2992,0.344961422
PA1837,0.3452343
grpE,0.345835901
PA3532,0.346051126
wapG,0.346190628
bexR,0.34682818
pfeA,0.347146956
polA,0.347746928
PA4362,0.347784507
PA1473,0.34865726
hsiH2,0.348740835
murE,0.349214375
PA2312,0.349306238
PA3599,0.349486376
PA2725,0.349490407
PA1216,0.350015939
PA4674,0.350018125
fleQ,0.35070789
wspF,0.351291042
pslB,0.351530455
PA0495,0.351609818
PA5412,0.352510866
fliE,0.352621656
PA1836,0.352707962
nppC,0.352884922
PA1782,0.353300267
ada,0.353522474
PA5409,0.353582327
PA2281,0.353659529
PA1062,0.35384125
tolQ,0.354523047
gidB,0.355029586
dapA,0.355185995
ig_104,0.355297257
PA1677,0.355730126
secF,0.355753905
PA0663,0.355904
PA0979,0.355954224
PA1200,0.356014577
PA2163,0.356072681
PA3261,0.356352537
coaD,0.35642765
PA2724,0.356710233
PA0371,0.357347785
folD,0.357421875
waaC,0.357603129
PA2093,0.35766656
efp,0.358097365
cynT,0.358304112
phzC2,0.358941664
phuR,0.35926044
PA1937,0.359897992
PA3001,0.360059607
PA2847,0.360216768
codA,0.360535544
PA1185,0.360650287
alkB2,0.360854319
eutB,0.361413043
shaF,0.361810647
muxC,0.36193269
PA4642,0.361956906
PA3025,0.362129423
ccmA,0.362904173
proC,0.363085751
plcB,0.363601679
PA2705,0.363788582
cysK,0.363902076
trpB,0.364027056
PA3783,0.364042078
PA2506,0.364130435
lepB,0.364234264
gidA,0.364800347
PA3458,0.36493083
PA0068,0.365317182
PA0747,0.365574459
PA2118a,0.365635958
PA2485,0.366583502
pheC,0.366653949
PA2693,0.366863905
PA4786,0.367417016
PA3042,0.36779855
PA2123,0.367867389
gloA3,0.368186165
PA5201,0.368206522
ig_513,0.368894074
hmgR,0.369324685
PA0064,0.369461269
rhlI,0.369706219
PA4612,0.369849348
PA3953,0.370087753
PA3880,0.370469287
gpuR,0.371055148
PA4832,0.371151482
oprH,0.371234109
PA0665,0.37153143
PA5333,0.371610685
laoR,0.372330252
hmgA,0.372409854
glpM,0.372445513
aruD,0.372578388
rppH,0.37264036
pslG,0.372967804
PA5180,0.372987468
PA3440,0.373465911
dxs,0.373953061
PA5046,0.374146563
PA4775,0.374388123
PA5369.1,0.374561683
kynA,0.374601822
gbdR,0.375810759
nqrB,0.376318599
PA4785,0.376329808
PA0760,0.376612184
PA5257,0.376900017
PA1934,0.377114321
PA3090,0.377717391
cobJ,0.377749442
PA1541,0.377814619
PA4336,0.378488774
arsB,0.378691595
hisB,0.379260489
recD,0.379343322
bfmS,0.379662098
PA0119,0.380405106
PA2763,0.381228996
fgtA,0.381574753
lptH,0.381855188
xdhB,0.382020338
gcvP2,0.382531081
PA2930,0.382542338
PA1875,0.382568476
PA2704,0.382733489
PA2676,0.382849857
PA1766,0.383308924
tatC,0.383487408
fklB,0.383633803
PA4114,0.384087787
PA1089,0.38412496
bolA,0.384246164
pagL,0.384813558
rnpA,0.385282799
vqsR,0.385349103
algP,0.385361957
glcD,0.385697302
PA5294,0.386112171
cobB,0.386675167
fadH1,0.386785618
PA2036,0.387312719
relA,0.387456392
PA1789,0.387950271
PA1684,0.388969924
ddlA,0.389343529
pscI,0.389862926
dadA,0.390350942
PA4289,0.390402934
wbpL,0.390655039
lis,0.391110223
PA1842,0.39113803
PA0270,0.391543384
mdcC,0.391798649
algL,0.392094358
PA4782,0.392109071
PA1117,0.39215313
hsiJ2,0.392413134
PA1192,0.392545371
PA0756,0.392591494
metY,0.392731909
lysC,0.392941852
PA3995,0.393104676
aqpZ,0.393361312
PA2378,0.393761151
glcF,0.394644565
PA1865,0.394648667
rpmH,0.394824098
nuoE,0.395282117
PA0226,0.395650515
phhA,0.395833333
PA1133,0.396032049
PA1416,0.396413583
PA4838,0.396795116
PA1870,0.397194772
PA5191,0.397205544
PA4280.1,0.3981511
ig_347,0.398756611
PA3259,0.39958544
apaH,0.399744979
PA5364,0.400051866
ansB,0.400382531
PA4404,0.400610454
PA1749,0.400694745
PA5397,0.400701307
PA4816,0.401265801
braB,0.402173913
PA1134,0.402518123
PA2091,0.403251514
hpd,0.403596054
PA1578,0.403662724
pcr4,0.403889066
pvdG,0.404845394
PA2094,0.40516417
glpT,0.405188859
PA1752,0.405635433
PA1648,0.405801721
gcvH1,0.406065179
PA3808,0.406408901
PA3784,0.406439273
sppD,0.406628588
PA3665,0.407008407
fliG,0.407608696
PA0935,0.407766507
PA3804,0.407922115
Pae_AF,0.408514493
ccmH,0.40890402
tatB,0.40939511
fliQ,0.409945808
PA4041,0.410530332
mutL,0.41058336
PA1497,0.410902136
PA0813,0.410911866
PA3846,0.410960566
nuoM,0.412496015
rep,0.412894028
PA5521,0.413929847
PA1965,0.41402018
folP,0.414435904
acsA,0.414585486
ygdP,0.414727447
hemL,0.414855072
nrdR,0.415070969
PA1214,0.415364998
PA2533,0.415871805
PA5551,0.41600255
PA4690.1,0.416321326
PA1768,0.416842266
lasR,0.416855227
str,0.41759643
PA5030,0.417779473
PA3775,0.418233982
PA1145,0.418542541
hudR,0.418924075
ispA,0.419451613
nmoR,0.419573263
PA5159,0.419836957
PA4388,0.419934899
tufA,0.420196632
PA4657,0.42054677
PA4331,0.420784189
colR,0.420808016
PA2282,0.421213277
flgC,0.422035446
fapC,0.422101449
phzE2,0.422378068
PA5547,0.422739412
nuoL,0.423334396
narL,0.423653172
dsbR,0.423739795
opdB,0.423971948
PA5494,0.424125483
gor,0.424141232
PA3349,0.424619669
PA4703,0.424928275
PA1882,0.424961923
pvdH,0.425247051
PA1837a,0.425565827
pvdP,0.425884603
PA5246,0.426173216
PA0398,0.42625226
ruvA,0.42630825
PA2332,0.426714823
PA0032a,0.427478483
PA4096,0.427797259
PA0221,0.428116034
hudA,0.428368528
psCA3,0.429403359
PA3202,0.429641915
sadB,0.429709914
PA3288,0.430253691
PA4344,0.430406428
gatB,0.430524182
hsiA3,0.430666242
lsfA,0.430985018
PA5430,0.431133155
PA2190,0.43115942
PA3871,0.431303793
ppiA,0.431622569
sicX,0.431638276
PA2135,0.431907286
lip2,0.431941345
pyrH,0.432604586
PA1599,0.432616784
PA4513,0.432697892
kup,0.432784475
PA5514,0.433803892
PA3074,0.433826462
PA3225,0.434037528
aruE,0.434172777
pauB4,0.434566959
shaE,0.434810328
PA4520,0.435008773
glmU,0.43544788
PA3211,0.435532996
exaC,0.435688406
PA5472,0.436093094
fimU,0.43617885
ppiC2,0.437237696
PA5198,0.437599578
PA4604,0.437998087
PA1644,0.438158419
PA0479,0.438313734
PA3963a,0.438316863
mexA,0.439728095
PA5149,0.439743794
bkdR,0.439776072
napD,0.439910743
PA2680,0.440229519
PA1106,0.440434562
PA1738,0.440548295
hcnB,0.44086707
PA4008,0.441053033
aprX,0.441434567
PA1487,0.441504622
phuV,0.441715073
PA4963,0.441793883
pvcD,0.442610902
motA,0.442718574
PA2298,0.442840392
aroB,0.44293155
PA1332,0.442931867
argR,0.443098502
ig_311,0.443329135
fabZ,0.443709305
PA3684,0.443863536
phzC1,0.444054829
PA2067,0.444373605
PA3529,0.444532056
PA5226,0.444567086
metR,0.444722797
PA1044,0.444868371
cupB4,0.445011157
PA0215,0.445631438
etfA,0.446139583
speC,0.446441531
PA2066,0.446605037
PA4915,0.446929032
PA2022,0.447428311
PA2918,0.447916667
PA3235,0.448785252
glyA1,0.448836468
laoB,0.449155244
Pae_5S,0.449446776
PA2070,0.44947402
PA0148,0.44981943
PA4089,0.450749123
PA5307,0.451268123
xcpT,0.451386675
PA2683,0.451705451
PA3368,0.451828307
grxD,0.452032925
mmsR,0.453262114
PA1158,0.453290322
PA5527,0.453445529
PA0804,0.454025181
glpG,0.454574434
dguA,0.454788249
argC,0.455084923
phzM,0.455169783
hsiC3,0.455849538
PA1943,0.456168314
PA2990,0.45631251
PA0138,0.456314384
ileS,0.456588659
PA4035,0.456695918
PA4923,0.456823545
ig_495,0.457077451
PA5330,0.457661873
PA2083,0.457762193
fdnG,0.457816063
PA0436,0.458080969
coxB,0.458603586
PA0457.1,0.458718521
PA0444,0.45898512
PA4790,0.460129721
PA0536,0.460243544
PA4603,0.461268728
PA4466,0.461400734
tonB1,0.46155526
PA5245,0.461660125
PA3794,0.462238094
metG,0.462402857
aotQ,0.46290396
cobP,0.463026619
PA1413,0.463265593
PA5271,0.465094039
PA2417,0.465268654
sfa2,0.465731591
PA2736.1,0.466369142
rmd,0.466997329
betX,0.467455621
htrB1,0.467705115
rluA,0.468297101
PA1297,0.468456869
laoA,0.46891935
eptA,0.469238126
estX,0.469731452
hcnC,0.469875677
PA2772,0.469968876
PA3955,0.470049599
lhpH,0.470108696
alpB,0.470312005
PA1271,0.470641784
mcpK,0.470864411
PA2564,0.471194201
PA0978,0.471919857
cupA1,0.471956003
PA4139,0.471957268
PA3081,0.472031403
PA0571,0.472107109
PA3579,0.472338802
PA0474,0.472425885
laoC,0.473278007
xseB,0.473927554
PA4327,0.474019764
phzE1,0.47433854
PA3350,0.475507818
PA2745,0.475584578
PA0862,0.47563257
fumC1,0.475763101
pcnB,0.475842539
PA4998,0.476167174
PA4702,0.476251195
amiA,0.476558944
PA3143,0.476779514
PA0656,0.476917207
PA3250,0.47699727
osaR,0.477000121
PA3207,0.477298741
PA2793,0.477643534
rnt,0.477807971
PA3070,0.478246101
PA5196,0.478246365
PA1402,0.478635968
PA0268,0.478801403
wbpB,0.478870096
pvdQ,0.479120179
fruA,0.479747873
dctA,0.479834916
PA5545,0.479969477
PA1769,0.480118779
glmR,0.480655439
PA2087,0.481032834
PA4346,0.481877146
nuoK,0.481989162
PA2870,0.48225868
ccoO1,0.482307938
dbpA,0.482573107
cprS,0.483081149
blc,0.48311329
PA4396,0.483386436
sss,0.483901817
fahA,0.484148551
PA2804,0.484166349
dapD,0.484196081
cbcX,0.484479466
PA0777,0.484547882
PA0955,0.485507246
pyeM,0.485692484
PA3972,0.486074018
PA1333,0.486167267
ig_721,0.486408928
PA2328,0.486452024
vreR,0.486837085
PA0306a,0.487089576
PA0361,0.487488648
arnT,0.487519827
siaD,0.487727128
PA0379,0.48778603
PA3228,0.488293967
hcnA,0.488683456
PA3786,0.488744754
PA4389,0.489212464
xcpU,0.489639783
PA3760,0.490596111
PA1189,0.490652423
hsiJ3,0.490844567
PA3199,0.490861623
P35,0.490914887
fda,0.49127521
PA0791,0.491847826
PA4617,0.491871215
PA2662,0.492019889
PA0136,0.492560092
PA5408,0.492695032
PA4699,0.49277331
atpB,0.492944925
atuC,0.493146318
ig_773,0.493323159
PA1322,0.493465094
soxG,0.494086227
PA4605,0.494102646
ig_367,0.494310423
PA4372,0.494421422
mucR,0.49446776
moeA1,0.494740198
trpE,0.494944471
PA3962,0.494985212
dusA,0.495005707
PA5081,0.495230828
PA3695,0.495377749
ig_432,0.495578906
PA1358,0.495612362
lytB,0.495696525
PA4972,0.496171605
recC,0.496652853
dppA3,0.49682971
PA3181,0.497088288
orfX,0.497609181
PA1692,0.497735507
PA3403,0.497901564
pdxY,0.498283098
tyrS,0.498343711
PA4517,0.498588068
ntrC,0.498884284
PA3952,0.499079202
PA2955,0.499094613
PA1392,0.49920306
ahpC,0.499805157
PA0701,0.499840612
PA4129,0.500159388
sbrR,0.500351811
PA2878,0.500478164
sppC,0.500796838
PA5231,0.50079694
aruG,0.500906207
fliC,0.501100426
arr,0.501366431
PA1617,0.501674206
PA3272,0.501813235
exoY,0.502479969
PA4948,0.502717187
mqoB,0.50295858
ig_488,0.503624571
PA3837,0.504303475
PA2177,0.504941026
PA3847,0.505150706
PA1859,0.505578578
nirH,0.505739383
PA1540,0.506144743
dgcH,0.507767761
PA0061,0.508001153
thrH,0.508044307
PA2086,0.508128785
oprG,0.508447561
PA3911,0.508766337
PA3067,0.50887574
PA4181,0.508966043
PA1442,0.509043195
ggt,0.509085113
clpB,0.509498219
mep72,0.509583834
PA4337,0.510873712
feoB,0.511246294
PA2502,0.511255246
PA0207,0.511606736
PA1975,0.51163532
PA5390,0.512272872
rplQ,0.512309387
PA5139,0.512399847
PA4580,0.51243903
maiA,0.512681159
PA1323,0.512993619
secG,0.512997675
PA2937,0.514216391
cyoE,0.514307516
PA4610,0.514823079
PA0219,0.515070584
PA0863,0.515141855
PA0885,0.516098183
PA3275,0.516596719
PA2805,0.516719967
PA0255,0.516938804
rahU,0.516978253
PA5352,0.517054511
pvdN,0.517373287
phaC1,0.517663043
PA4873,0.518122854
PA1918,0.518329614
pslK,0.51840847
hsiF2,0.51864839
PA4692,0.518869909
PA0147,0.518967166
PA2606,0.519202652
PA2698,0.51963439
spoT,0.52012609
rsmY,0.520561046
PA0476,0.520879821
PA4390,0.520949239
PA4152,0.521198597
PA3423,0.521556658
cosX,0.522154925
sfnG,0.522192029
PA4980,0.522237439
phzF1,0.522473701
PA0881,0.522795119
creB,0.523234513
PA3260,0.523426872
PA4369,0.524193993
dguC,0.524990462
fha2,0.525342684
PA5228,0.525753529
PA2608,0.525980236
PA0481,0.526123854
pchR,0.526172053
PA3340,0.526234673
PA3304,0.526613123
PA1039,0.526617788
glpF,0.527279664
PA5108,0.527286415
pnp,0.528269285
flhA,0.528473945
PA3662,0.528642002
PA3027,0.528793346
PA3696,0.528849219
agtA,0.529568867
PA1813,0.529809636
PA1298,0.529813382
hsiG2,0.53108065
PA2350,0.531476536
hocS,0.532641301
irlR,0.532667136
PA1924,0.53267453
PA1550,0.533312082
oprB,0.533733289
PA4966,0.534268409
PA4164,0.534587185
hisS,0.53482487
bcp,0.534873188
atsA,0.535224737
cdhR,0.535322297
slyD,0.535476212
PA4875,0.535673407
PA5160.1,0.535862289
rdgC,0.536081558
PA1874,0.536112149
PA1041,0.536181065
fabB,0.536185708
PA0941,0.536532194
siaB,0.537456168
sspB,0.537774944
PA1213,0.53809372
PA0696,0.538412496
PA1067,0.538731272
PA1046,0.538949275
PA4913,0.539107211
PA2084,0.540006376
cobN,0.540325151
pvdO,0.540643927
norC,0.54076087
PA0730,0.541409975
PA5424,0.542076227
PA0948,0.542102868
PA5395,0.542237807
trxB1,0.542308109
PA1925,0.54351291
flgL,0.543831686
PA1484,0.544150462
dnaA,0.544166954
PA0284,0.544469238
bfrA,0.544788014
PA1651,0.545211751
PA1042,0.545289855
aspA,0.545437129
yeaZ,0.545627155
chiC,0.546381894
PA2588,0.546623948
lppL,0.546703012
roxR,0.546805438
PA3483,0.547290766
PA2098,0.547500954
PA0439,0.547554348
aruF,0.54795799
pcaQ,0.548264021
PA1817,0.548294549
PA4360a,0.548613325
PA4781,0.548932101
PA4113,0.549027089
PA0987,0.549408623
fppA,0.549888428
PA2746,0.549921625
cttP,0.550429054
PA0317,0.551161657
tse4,0.551709266
PA4087,0.551801084
hcpA,0.55211986
PA1535,0.552272123
Pae_M2,0.552536232
PA2026,0.553151583
opmQ,0.553319563
PA4713,0.553863841
dksA2,0.553937187
PA3902,0.554617549
PA2075,0.55524328
cupB5,0.555307619
PA2597,0.555513163
ipk,0.555706522
PA2142,0.555894697
PA3274,0.55615942
PA3316,0.556901498
arcD,0.557039298
PA4767,0.557862978
PA1508,0.558055362
PA2452,0.558488848
edd,0.558588644
shaC,0.558814154
PA1284,0.55913293
PA2088,0.559451705
PA2263,0.559770481
PA2484,0.560147126
PA5064,0.560610051
hisC1,0.560726809
PA1465,0.561209599
PA1878,0.561236169
lolB,0.561364361
PA1038,0.561683137
PA3106,0.56204496
PA1797a,0.562320689
PA5218,0.562639464
PA3230,0.562762304
PA1088,0.56295824
serA,0.563213437
trpC,0.563335322
PA4896,0.563421921
PA0311,0.563491126
PA3867,0.563525372
ercS',0.563914568
PA3093,0.56415134
cmrA,0.564233344
PA4476,0.564302006
mepM,0.564453125
PA2631,0.565298557
PA0240,0.566145999
pvcA,0.566303914
PA1559,0.567145359
PA0103,0.56734071
PA4690a,0.567421103
PA5371,0.567662718
PA4334,0.567722243
PA2857,0.56817703
prlC,0.568377431
pilI,0.568502503
PA1215,0.568696207
PA3073,0.569014982
msrA,0.569523784
PA0497,0.570290086
trpD,0.570324147
dctB,0.570608862
flgB,0.57064718
ig_326,0.570774514
PA0588,0.570927638
bfiS,0.571061503
ergA,0.571442088
pscC,0.57201087
PA2293,0.572258143
PA3612,0.572516373
bamB,0.57277414
PA1471,0.573039455
kdsA,0.573113169
PA3359,0.573369565
PA3313,0.573477845
osmE,0.573629201
PA2600,0.573964497
algO,0.574014427
PA0209,0.57492763
phzG2,0.5753905
PA4949,0.575480225
PA1458,0.575528183
PA2655,0.57573979
PA3019,0.575937776
PA2260,0.576003766
odsT,0.576028052
PA3471,0.576061112
fpvG,0.576665604
PA2838,0.576992754
PA4104,0.577303156
PA4313a,0.577621932
gltA,0.577898551
pvdT,0.577940708
ig_108,0.578405189
PA4983,0.579349052
ig_451,0.579426491
PA2120,0.579534587
mexS,0.579585919
trmU,0.58024262
PA2261,0.580304242
cupB3,0.580490915
PA3618,0.580635
PA1575,0.580694391
algZ,0.580809691
PA2341,0.581457459
PA2842,0.581723501
PA0454,0.582084794
fosA,0.58240357
PA1908,0.582452042
caiX,0.58252541
PA1504,0.582826459
PA5469,0.58306782
opdQ,0.583786232
motC,0.583809718
PA4779,0.583978152
ergB,0.584316226
PA4155,0.584598216
exbD1,0.584635002
PA0457,0.584891263
PA3307,0.585128101
PA3324,0.585272553
hxcV,0.585272797
PA2209,0.585591329
PA4788,0.58565433
foxR,0.58577872
purC,0.585829769
cupE3,0.585910105
PA3178,0.586356357
PA3892,0.586547657
PA4897,0.586866433
cdrA,0.587202807
PA3499,0.58740942
cysN,0.587503985
rsmA,0.587787246
PA4430,0.588141536
dctP,0.588325067
PA3925,0.588502703
PA1753,0.588701506
PA5478,0.588706601
exbB2,0.588779088
PA3024,0.588885686
PA2312a,0.589097864
PA3268,0.589753088
purA,0.590219694
PA1526,0.59050509
PA2628,0.59057971
surE,0.59071573
PA1834,0.590921407
siaC,0.59101052
PA1395,0.591251442
PA0338,0.59126081
ssrA,0.591648071
PA4880,0.591665174
csaA,0.591758871
PA4076,0.592182328
PA4080,0.592923175
PA4975,0.593241951
PA5347,0.593558281
pcs,0.593679932
P36,0.593879503
agtB,0.594202899
PA5062,0.594435043
hisP,0.595108696
PA5519,0.596067111
panB,0.596667488
cc4,0.596903271
PA0368,0.597067262
PA5507,0.597386038
faoA,0.597633136
PA3711,0.597763244
PA3079,0.598278986
purD,0.598861171
xcpY,0.599298693
PA2393,0.599936245
PA3412,0.600255021
PA1995,0.600554896
phzG1,0.600573797
PA3596,0.601678749
ambA,0.60202389
flgH,0.602355072
PA0473,0.602486452
fliR,0.602805228
PA1287,0.603050325
PA2097,0.603204884
hxuA,0.603605877
PA0319,0.603682492
PA1462,0.604649573
mreD,0.604782166
PA1309,0.604791802
PA3590,0.605112552
PA4523,0.605494086
PA4384,0.605970529
PA0560,0.606257154
yfiB,0.606311763
PA2548,0.606630539
PA1761,0.606638688
coaE,0.606949315
hslV,0.607360545
oruR,0.607505399
PA2602,0.607783289
PA4606,0.607905642
PA3247,0.608090147
nirM,0.608224418
PA4746.2,0.609180746
PA3053,0.609309424
fruI,0.609341067
PA2607,0.609499522
spuI,0.609818298
PA0227,0.610072491
ubiH,0.61045585
PA2601,0.610670942
PA3514,0.610774625
ampG,0.611598626
nfuA,0.611627805
algG,0.611730953
PA4278,0.611743286
glcB,0.612684695
PA1269,0.613314334
rpmE2,0.61338812
pmtA,0.613506295
nqrD,0.613599182
cupE5,0.613643609
PA1006,0.613699737
PA0358,0.613803254
nppA1,0.613962384
citA,0.614269363
algH,0.614649004
hemF,0.614650897
lyxD,0.614918712
PA3641,0.614929449
PA3421,0.615036232
PA0943,0.615479368
PA5284,0.615556264
PA3958,0.616177032
PA1672,0.616405137
soxR,0.616866425
PA4471,0.616921034
PA3129,0.617106141
PA3451,0.617787695
PA3586,0.6180847
PA2171,0.618206522
ig_228,0.618847768
phzF2,0.619062799
oprL,0.619245428
PA4345,0.619377725
flhB,0.620019127
amgS,0.62031094
PA5467,0.620391443
PA0542,0.620772854
PA4806,0.621518504
PA1830,0.621550869
glnE,0.622250558
PA4900,0.622281572
mexF,0.622735507
dps,0.623122238
PA1981,0.623188406
PA1792,0.623325405
roeA,0.623426173
triC,0.623525661
PA2777,0.623616857
PA1784,0.623641304
PA1879,0.623807707
tlpQ,0.624401642
cupB1,0.625119541
PA3672,0.625333842
PA1023,0.625452899
cysB,0.625590348
PA4163,0.625696743
PA3787,0.62609691
PA2633,0.626358696
PA0891,0.626394645
PA0149,0.626873779
PA3132,0.627283491
PA4103,0.627669748
PA5502,0.627805732
PA3833,0.628114327
hasS,0.628129267
algJ,0.628236472
PA0986,0.628386112
PA1564,0.628727735
PA3566,0.628767646
PA0345,0.629530713
argJ,0.629582404
PA3951,0.629605573
cupE6,0.630219955
PA5298,0.630340872
PA2338,0.630538731
PA2339,0.630857507
PA1167,0.631056849
sdhA,0.631495059
PA2119,0.631813835
PA3572,0.63220145
PA5021,0.632225762
PA3710,0.632427364
pqqE,0.632457281
PA0860,0.632680929
cupE2,0.632770163
xcpS,0.633088938
lldA,0.633407714
PA2583,0.633671999
hxcP,0.633727585
PA2283,0.633831932
PA5155,0.634045266
PA3634,0.634057971
PA0279,0.634109119
antR,0.634261965
gyrB,0.634565246
PA4182,0.634872186
PA0521,0.634963768
rpoS,0.635001594
PA0185,0.63532037
PA3762,0.635861378
fliN,0.635873257
PA2207,0.635957922
PA0184,0.636276697
lhpP,0.636322464
PA5432,0.636779855
PA2164,0.637233025
PA1205,0.637438192
speD,0.637478743
PA3723,0.637870577
lbcA,0.638189353
PA1563,0.63830599
PA1417,0.639039855
ig_155,0.639069058
PA0850,0.639464456
PA3276,0.639526337
fabY,0.639538461
PA0522,0.639832125
queA,0.639875475
PA3466,0.640194795
phzB1,0.64073956
ftsI,0.640958412
lldD,0.640990929
PA5232,0.641156066
PA5029,0.64122529
PA4454,0.641864179
PA3756,0.642759173
PA3564,0.642884395
PA1613,0.642970991
PA0118,0.643289767
PA1678,0.643899982
PA3912,0.643927319
PA3422,0.644021739
PA0356,0.644028997
topA,0.64465714
cobA,0.644792064
PA4153,0.644883647
eat,0.645380435
znuB,0.64615875
hxcT,0.646699733
PA0784,0.647115078
priA,0.647192029
PA2921,0.647425659
PA0151,0.648071406
PA1197,0.648225868
fimW,0.648390182
PA2594,0.648611743
PA4118,0.648988936
PA5400,0.649665285
olsA,0.649984061
PA5094,0.650133537
PA0547,0.650290768
hsbR,0.650453249
PA3580,0.650465432
PA0803,0.650515071
algB,0.650658155
PA1434,0.650896604
PA0983,0.651259165
PA3281,0.651370437
cdsA,0.651575813
PA1748,0.652041206
rhl,0.652173913
PA0695,0.652215493
PA2031,0.652322008
PA4822,0.652804273
copR,0.652983989
PA5515,0.65299579
pauA7,0.65317182
dsbE,0.653310413
PA1597,0.653490596
PA1485,0.653567341
aatJ,0.653809372
PA4717,0.653931332
PA2110,0.654446924
PA5115,0.654509825
PA0043,0.654711942
P5,0.6547657
PA4174,0.655084476
PA4141,0.655093476
PA3303,0.655344203
PA0378,0.655475301
PA4772,0.655555475
PA2785,0.655943725
PA2173a,0.656040803
PA2437,0.656292003
PA1643a,0.656359579
PA4373,0.656600719
cysP,0.656782152
pslI,0.657645556
PA0314,0.657764212
bqsS,0.657828283
PA0739,0.657953459
ig_444,0.65808004
PA4824,0.658145746
PA0939,0.65854444
PA4187,0.659671881
PA3442,0.660816482
PA0258,0.660901229
PA4010,0.660995975
hemH,0.661205958
PA0506,0.661356395
ostA,0.661459994
hisC2,0.661727304
PA2675,0.66177877
PA4637,0.661969429
PA5340,0.662009207
PA3515,0.662724151
pchD,0.663906042
PA4735,0.664033131
PA1363,0.664087392
ladS,0.664220154
PA4286,0.664574116
phzD2,0.664647753
fpvK,0.664796409
PA2115,0.664966529
PA0120,0.665217466
PA2711,0.665394887
nhaB,0.665776421
PA0168,0.665821949
wspC,0.665922856
PA0017,0.666560408
cobH,0.667119565
opr86,0.667256981
PA2314,0.667516736
gcsR,0.6675632
PA4145,0.66768409
PA2712,0.667770311
nirS,0.667835512
PA2603.1,0.668154288
tseF,0.668473063
PA1652,0.668639053
PA2562,0.669029181
PA1406,0.669110615
PA3087,0.669111936
PA2953,0.669549386
PA1791,0.669686769
PA4927,0.669748167
hptC,0.669988141
PA4335,0.670066943
PA4177,0.670704495
PA4423,0.67084121
PA2852.1,0.671342047
PA0029,0.671499428
lldP,0.671660822
PA4097,0.672230595
pfsE,0.672262495
prfA,0.672525472
PA2275,0.673407097
nadC,0.67378863
sagS,0.673892254
PA1204,0.674529806
fpvI,0.674638669
PA4515,0.674884108
nadA,0.675075094
PA4939,0.67528863
PA0832,0.675298462
PA3436,0.67542059
mdlC,0.675486133
nbdA,0.675696299
Pae_L0,0.675724638
PA0793,0.676177536
argB,0.676383116
PA5222,0.676442461
mksF,0.676630435
tonB2,0.676761237
pdtA,0.677222434
hcpB,0.677398789
aroP1,0.677742376
PA2559,0.677774032
PA0063,0.67781468
PA2501,0.67790442
tsaP,0.678197542
accB,0.678606422
azoR2,0.678652708
ppyR,0.678673892
tspR,0.678894928
PA4734,0.679130665
PA0134,0.679161119
sahH,0.67934093
PA0670,0.679499203
PA1935,0.679563041
dnpA,0.67963022
gmd,0.680267772
mexJ,0.680780579
exaB,0.68115901
PA1538,0.681383705
PA1211,0.681542875
opdO,0.681861651
PA2270,0.681899285
PA4455,0.682057453
pauA5,0.68264313
PA0905.3,0.682817979
PA0269,0.682863049
PA2329,0.683136755
dsbB,0.683708508
PA1930,0.683774307
nosR,0.683876812
PA0818,0.684090042
PA2326,0.684093083
PA3041,0.684101251
PA1472,0.684114702
PA1622,0.684411858
ig_216,0.684471576
PA4539,0.684569868
selB,0.684668647
xylX,0.684730634
fliI,0.684782609
PA4993,0.68485311
PA2427,0.685234643
hitB,0.685686962
tesA,0.685690277
fliD,0.685849628
PA2429,0.686324514
PA3795,0.687483691
rpmJ2,0.687595908
PA0257,0.687756031
bsrA,0.687770729
PA3839,0.68790538
PA0193,0.687918393
sltB3,0.687952899
PA3427,0.688504253
phzA1,0.688665973
alc,0.688858696
PA2839,0.689193497
ig_223,0.690194582
PA2565,0.69095765
PA1190,0.691339184
pyrB,0.691436607
PA2295,0.692481884
PA0194,0.692700032
PA3881,0.692752358
poxA,0.692865319
PA1906,0.693246852
PA3826,0.693806612
PA1603,0.69404966
PA2813,0.694391454
xcpV,0.694612687
cysH,0.695887791
PA1316,0.695917589
pilH,0.696299122
PA3772,0.696844119
lig,0.696859354
ig_142,0.697027374
pscQ,0.697463768
soxD,0.69748167
iscU,0.69788205
fiuR,0.698077152
pgpA,0.698102618
fpvJ,0.698437998
dguB,0.698588325
flgE,0.698756774
oprE,0.69907555
PA2573,0.69910573
PA1762,0.699351393
aauR,0.699713102
PA5121,0.700031878
PA0380,0.700095446
retS,0.700133902
PA1103,0.700181159
cprR,0.700267747
PA3693,0.700350653
psCA2,0.700877528
PA5505,0.701161667
PA5383,0.701944533
PA2441,0.702189026
hutR,0.702263309
PA1219,0.702403663
moaA1,0.702582085
PA2346,0.702785196
dsbC,0.702815952
PA3273,0.70316673
PA0736,0.703215978
PA0192,0.704175964
PA3491,0.70449474
PA1853,0.705686184
cysW,0.705769844
PA4478,0.705962676
sbcB,0.70608862
mucE,0.706334244
PA1334,0.706726172
PA2262,0.707044947
dhcB,0.707240559
PA2922,0.707363723
PA0809,0.707505891
kynR,0.707600586
ldcA,0.707682499
hprA,0.707817111
PA3072,0.708001275
PA4910,0.708126669
creC,0.708238507
PA3771,0.708344643
PA4508,0.708743004
gpuA,0.709276379
spoOJ,0.709369156
nirJ,0.709417275
PA1438,0.709652804
PA0525,0.710034338
PA0531,0.710326493
PA3314,0.710551482
ig_292,0.710702015
PA0942,0.710939745
PA4073,0.711178939
PA5122,0.711942007
rrmA,0.711956522
bapF,0.712145362
PA3868,0.712705074
dnaX,0.712962944
PA3593,0.71305764
PA0902,0.713190352
PA4540,0.713468142
gshA,0.714058017
PA4929,0.714231209
PA3283,0.715507701
oprD,0.715651897
PA1127,0.716467169
otsR,0.71661476
PA0128,0.716777226
PA0248,0.716901946
PA4279,0.717598728
ig_630,0.717665013
PA2846,0.718044807
PA1551,0.718202104
algX,0.718571486
hsiG3,0.719477208
PA5138,0.719572682
gntP,0.719591934
lapA,0.719795983
PA0326,0.719954216
PA4575,0.720202313
PA1427,0.720527993
PA4200,0.720752311
PA0708,0.721282524
PA4543,0.721304939
ig_351,0.721861885
exoS,0.72192029
mhr,0.722143767
cif,0.722346191
PA1325,0.722497197
PA1527,0.722664345
PA3882,0.722910022
mexI,0.722983742
PA3615,0.72338802
PA3124,0.724251455
napC,0.724258846
PA0237,0.724688081
PA5130,0.724920689
PA5393,0.725215174
PA4142,0.725295689
PA2557,0.72577265
PA0332,0.725982311
dotU3,0.726600302
sbp,0.727127829
PA3251,0.727203357
fpvB,0.727765381
PA1138,0.727807971
opuCD,0.728545919
PA5145,0.728729493
foxA,0.728757681
mrcB,0.729324296
iscA,0.729483984
fdnH,0.729774065
pykF,0.729996812
ftsY,0.730481725
PA2204,0.73095314
corA,0.730978261
PA1495,0.731271916
narK2,0.731590692
Pae_M1,0.731884058
trx2,0.732547019
PA2716,0.732910406
flgK,0.733184571
PA4108a,0.733503347
PA1519,0.733695652
PA5227,0.733908463
gbuA,0.734070965
flgI,0.734140899
katA,0.734459675
pgl,0.734477509
PA4637a,0.735097227
PA2069,0.735416003
PA4341,0.7355971
ribF,0.735610935
PA2836,0.735960145
PA0550,0.735978634
PA0736a,0.736053554
pscL,0.73637233
PA2143,0.736741702
PA4861,0.736947098
PA2732,0.73736914
PA4800,0.737504769
fpvH,0.737647434
narH,0.737873784
PA2142a,0.73796621
PA1139,0.73806457
cupE1,0.738224638
pepN,0.73822647
exsD,0.73864014
PA3858,0.738809239
PA1329,0.739189804
PA5509,0.739241313
PA4027a,0.739560089
wapH,0.739589571
czcC,0.740657336
PA5144,0.740942029
PA4903,0.741153969
lpxB,0.741465635
PA1645,0.742441853
PA2771,0.743206522
PA2265,0.743227776
PA1647,0.7433854
pasP,0.743960762
sspA,0.744011209
Pae_L8,0.744112319
PA2308,0.744660504
thiD,0.745095807
PA2837,0.745516978
PA1961,0.746233795
mdcE,0.74624016
panD,0.746254383
Pae_M9,0.746376812
PA2487,0.746573159
PA3480,0.746944341
PA0544,0.747424647
ig_396,0.747735507
PA1915,0.74799947
PA1147,0.748187715
ackA,0.749209742
PA1514,0.749332316
PA5503,0.749828717
PA1170,0.749868725
PA0673,0.749990372
purL,0.750340274
PA1577,0.750452899
PA0475,0.750771408
oprO,0.750905797
selA,0.751024234
PA2786,0.751036022
fapA,0.751239985
PA3342,0.751621519
PA1676,0.751695159
PA2549,0.751810942
eagT6,0.752237662
rmcA,0.752311125
PA3844,0.75251123
ig_124,0.752844788
PA0421,0.752948677
PA2199,0.753038711
rnc,0.753688416
PA0788a,0.753905005
PA2428,0.753910721
lptD,0.754038952
PA4149,0.754223781
PA1382,0.754528986
PA3315,0.754542557
pelB,0.754673789
P15,0.754861332
PA2104,0.756486117
PA3401,0.756773988
PA0808,0.75706236
pilD,0.757092764
PA4899,0.757344525
PA0290,0.757468695
Pae_M5,0.757699275
PA3467,0.757730316
tadD,0.758367867
PA1885,0.75840819
PA4059,0.758489126
PA0886,0.758686643
PA2802,0.758736934
phuS,0.759142449
PA1436,0.759633728
PA2784,0.75967228
endA,0.759723928
PA1346,0.760015261
PA4950,0.760032838
PA2715,0.760599299
PA2596,0.760778329
PA1188,0.760918075
PA3305,0.761002481
PA2696,0.762083736
tmk,0.762535733
PA1308,0.762579072
PA2068,0.763787058
waaL,0.764105834
glmS,0.764899572
ig_225,0.765478957
PA3498,0.76558944
PA5120,0.765734338
ftsX,0.765838028
PA1005,0.766044606
PA4032,0.76638624
PA0883,0.766656041
PA3110,0.767225497
PA0507,0.767722117
pilK,0.767931144
PA2677,0.76824992
ig_291,0.768568841
PA0057,0.768775603
argE,0.768870513
PA0477,0.769095992
PA3697,0.769206248
fepG,0.769927536
PA3091,0.769935139
pvdJ,0.770162576
PA0502,0.770481352
PA0915,0.770596268
PA2753,0.770674625
PA4620,0.77122103
PA4937.2,0.771437679
kdpC,0.771461274
PA1993,0.77173913
PA1737,0.771756455
sodB,0.772712783
PA4108,0.772805459
PA5506,0.772917246
PA1160,0.773031559
mexV,0.773163388
tsiT,0.773350335
PA3748,0.773669111
gcvP1,0.773750477
PA3127,0.773948198
PA3895,0.773987887
PA3638,0.775418686
pdxH,0.775658146
PA4148,0.77603968
PA2483,0.776112748
mexL,0.776258448
AFFX-Y,0.777173913
PA4887,0.777175646
PA0568,0.777813197
pyrE,0.778198453
pcaB,0.779855017
PA1733,0.780177305
PA4312,0.780236551
PA3776,0.780751992
pqqD,0.781008156
PA1239,0.781107767
PA2504,0.781130775
PA5195,0.781275305
carA,0.781520255
PA3415,0.78214422
PA3375,0.782594836
PA4886,0.782913612
PA0528,0.783039463
bphO,0.783288821
wspA,0.783967391
PA5186,0.784826267
aph,0.784842177
PA4859,0.78495048
recB,0.785049217
PA2917,0.785161584
lhpG,0.785463819
pcr3,0.785539423
PA4548,0.785633178
Pae_U8,0.786231884
PA2438,0.787057698
PA0313,0.787104159
arsC,0.787138485
dppA5,0.787376474
PA3969a,0.78769525
PA0976,0.787902133
lhpR,0.788043478
PA3312,0.788408303
PA3069,0.788628159
xylY,0.78928913
PA4804,0.789774895
PA1469,0.789808754
PA4907,0.789926682
narJ,0.79001326
pilX,0.790307971
PA5459,0.790883009
popD,0.791201785
PA0160,0.79130103
PA3037,0.791996032
pykA,0.792158113
PA4801,0.792927716
pepA,0.79314236
PA2353,0.793208699
PA2678,0.793433216
mucD,0.793603186
exbB1,0.793751992
PA2028,0.793754348
PA4348,0.793971767
PA3602,0.794070768
coIII,0.794389544
phzD1,0.79470832
PA1728,0.795502705
PA5311,0.795664648
nasT,0.795983424
PA2761,0.796085571
pauD2,0.796289949
PA0549,0.796620975
PA4079,0.796767001
np20,0.796939751
rcpC,0.797024037
PA1251,0.797258527
glcE,0.797428861
PA0828,0.799171183
recR,0.799470962
PA2778,0.799604556
dsbS,0.7997269
hisI,0.799796156
cysA,0.799808734
PA3758,0.799910861
nhaP,0.800182066
PA0884,0.800446286
PA0252,0.801092399
icp,0.801177536
PA2571,0.80128816
pepP,0.801494236
lpxK,0.802254441
lptG,0.802457897
PA0925,0.802536232
hisF1,0.802677718
mpaR,0.803315269
PA4016,0.803634045
arnD,0.80385852
dctQ,0.803891644
PA0868,0.804366382
desB,0.804909149
PA3232,0.805036246
PA5148,0.805156776
phaJ1,0.805208087
PA0918,0.80582991
PA3428,0.805865477
PA4186,0.806184252
PA3931,0.806744166
yrfI,0.806918532
bauA,0.807508681
PA4371,0.807919891
PA3218,0.808375057
PA3012,0.809740555
pcoB,0.809767814
PA0545,0.810005647
PA2936,0.810328339
PA4011,0.810582597
xerD,0.810759252
glgP,0.810965891
PA2828,0.810970975
PA0383,0.811141304
pqsA,0.811922219
PA4978,0.812285387
pncB2,0.81255977
PA1470,0.812921956
PA4889,0.812926718
brlR,0.812944598
PA0325,0.813197322
PA2433,0.813224447
ig_864,0.813811522
PA1917,0.814430152
PA1646,0.814747383
PA1537,0.814956124
PA0181,0.815428754
PA4343,0.815719191
PA4979,0.815747529
PA4869,0.816066305
PA2294,0.816385081
cysI,0.816703857
PA2546,0.817341409
PA0659,0.817794118
PA4645,0.817933546
oprP,0.818297737
mtlR,0.818376409
PA2471,0.818935288
PA4719,0.820199275
liuC,0.820272358
PA0589,0.820277562
PA4474,0.820332014
PA0989,0.82061276
PA2459,0.821119709
PA5535,0.821442198
PA1963,0.821509253
PA4394,0.821554915
PA3255,0.821702328
PA1303,0.822123047
PA3927,0.822680836
PA2829,0.822940373
PA4070,0.822968333
PA3285,0.823560244
PA4877,0.82358693
PA4803,0.823716927
PA4831,0.824463057
PA0459,0.824494468
PA2210,0.824639599
dctM,0.825310807
PA1111,0.825520325
pirA,0.825629582
PA3462,0.826402137
PA3469,0.826581702
nirL,0.826904686
PA1743,0.827223462
PA1729,0.827254611
pcoA,0.827407899
PA1570,0.827582111
PA2679,0.827607776
PA4883,0.828817341
kdpE,0.829454893
bfd,0.82963172
acp3,0.830092445
PA1829,0.830106062
AFFX-A,0.830163043
trpI,0.830539158
PA1169,0.830599008
PA1312,0.830695117
PA2920,0.83079981
fapB,0.831068841
PA2355,0.831362076
PA4681,0.831743609
PA0346,0.831959632
pdtB,0.8320051
PA5136,0.832125143
PA0324,0.832642652
pscT,0.832954028
PA2440,0.833280204
PA2728,0.833786232
ig_455,0.83386436
secD,0.834319527
putP,0.834344409
PA4984,0.834771389
pcr1,0.835144928
PA5468,0.835500224
nirA,0.835511635
dut,0.835597826
PA2938,0.835685025
cpg2,0.836322014
PA0505,0.836360648
PA2750a,0.836467963
PA2473,0.836703548
PA4677,0.837466616
PA1212,0.837743067
PA3453,0.837783808
PA1367,0.83784815
PA2556,0.837855403
leuA,0.838123118
PA2754a,0.838380618
cupE4,0.838699394
PA4277.2,0.83901817
PA3116,0.839034236
cobM,0.839166939
rfaD,0.839404563
PA1501,0.839655722
PA4715,0.839673913
hxcQ,0.839755818
trmA,0.840126812
PA5254,0.840137352
dht,0.840293274
mksE,0.84057971
PA3233,0.84061205
PA5431,0.84090042
holC,0.841216422
PA5357,0.841281953
PA4338,0.841663487
PA3094.1,0.842843481
PA3376,0.843162257
PA1839,0.843177181
PA2146,0.843189622
still frameshift hypothetical protein,0.843301779
PA3119,0.843571156
PA3728,0.843762184
PA1220,0.843799809
PA2779,0.843829992
PA4486,0.844916287
PA3694,0.845074912
PA1399,0.846241892
PA2125,0.846350016
PA3536,0.846492328
PA5102,0.846987568
PA1731,0.84700496
PA5488,0.847927195
PA2935,0.847974511
PA1631,0.848531095
PA2183,0.849637681
PA1112,0.849681021
copS,0.849938658
PA1282,0.850175327
phzA2,0.850494103
PA3265,0.850705508
PA1012,0.850769034
PA2188,0.850820298
PA4769,0.85095791
PA3258,0.850996377
PA3490,0.851160674
hemO,0.851190435
PA3754,0.851796234
PA2722,0.852087982
PA5052,0.852355072
PA2318,0.852655519
wspB,0.852725534
PA1891,0.8531095
PA3937,0.853244866
mpl,0.853248203
cysT,0.853363086
PA0164,0.853491034
PA3681,0.853713768
PA4659,0.854000638
PA2941,0.854254101
PA5414,0.854319413
tgt,0.854527263
pcaR,0.854910971
PA0239,0.855780237
liuE,0.855913293
PA3597,0.856431159
PA3416,0.856543304
waaG,0.856579254
bioB,0.856762671
bosR,0.856926542
PA0827,0.857507172
tpbB,0.857533
PA1149,0.857687905
PA1233,0.857825948
PA0980,0.857988166
PA2108,0.858242754
PA0957,0.858443332
pstB,0.858782276
PA4711,0.858888464
PA2734,0.859353664
PA4040,0.859601449
PA0117,0.85978292
PA3949,0.860139677
PA0811,0.860358642
PA2041,0.860694931
ruvC,0.860714602
pcrV,0.860934946
tadZ,0.861013707
PA2858,0.861174329
PA1401,0.861296828
lysE,0.861328125
PA3853,0.86158951
PA2208,0.861970035
folA,0.862086389
PA5095,0.862647844
PA2384,0.862926363
PA0503,0.863245139
PA5422,0.863644314
pprA,0.863792446
PA5006,0.864201466
wapR,0.864414197
PA2211,0.864520242
PA1388,0.864839018
PA2868,0.864898393
recO,0.865270824
PA2580,0.86548913
bqsR,0.86664139
PA3444,0.867091488
PA1697,0.867484238
fruR,0.867708001
mexE,0.868456987
xcpW,0.868664329
PA1016,0.868982819
PA4328,0.868983105
PA3224,0.869109897
PA3726,0.869367319
pmrB,0.869973678
PA0404,0.870576984
poxB,0.870660053
PA4199,0.870846577
PA3465,0.871214536
PA1880,0.871341021
PA3249,0.871376812
ygbB,0.871405033
PA2381,0.871852088
PA0333,0.872047903
fapF,0.872170864
PA0821,0.872567722
PA2173,0.872684025
hpcB,0.872735507
rhlC,0.872808416
phnE,0.873188406
PA4028,0.87333079
PA4013,0.873348489
mexH,0.873372599
PA3018,0.87391898
PA3614,0.874083519
PA2172,0.874093857
PA1490,0.874365633
morA,0.874402295
PA1391,0.874721071
PA3926,0.874856925
phaC2,0.875238459
PA2422,0.875717131
PA5187,0.876314951
pqqF,0.876384952
bphP,0.876811594
PA2697,0.876952502
PA2169,0.877264493
nirN,0.877628364
cueR,0.878203105
PA4131,0.878227606
PA0729.1,0.878546382
hxcS,0.879053796
betC,0.879183934
PA1433,0.879816864
PA0565,0.880198398
PA3774,0.880454884
PA1060,0.880961465
PA2114,0.881415365
PA2033,0.881662185
nosF,0.882106066
PA4112,0.882456885
PA1356,0.882869134
czcA,0.883009245
PA0961,0.883152174
PA0049,0.883646796
pip,0.883853174
PA1123,0.884304875
mtlZ,0.88451087
PA3598,0.884727791
PA0032,0.884992971
PA1921,0.885240676
PA3084,0.885480417
PA4937.1,0.885559452
PA3971,0.885878228
PA2558,0.886132187
accA,0.886163614
gltS,0.886302938
bglX,0.886515779
PA1136,0.886684472
pauA4,0.887472107
vgrG6,0.887790883
PA5510,0.888109659
PA4654,0.888210607
ssrS,0.888428435
PA1362,0.889355208
PA3513,0.889384763
algD,0.889492754
ogt,0.889567301
PA1630,0.889631224
PA0453,0.890118275
lipA,0.890499809
PA0711,0.890507994
exsA,0.890760127
lhpE,0.890978642
PA4188,0.891616194
PA3271,0.891744503
cpdA,0.891757246
PA0587,0.89193497
PA5097,0.892025944
plpD,0.892210145
PA4077,0.892572522
PA5099,0.892891297
oprN,0.893035958
phnC,0.893115942
phdA,0.893528849
fabH2,0.893847625
PA3840,0.893933613
PA3360,0.89394629
glnD,0.894021739
PA0838,0.894334172
spuF,0.894474638
hsiF3,0.894663637
PA3252,0.895380435
copA1,0.895459748
PA5341,0.895760281
folC,0.89619515
spuC,0.896271419
toxA,0.896397832
ndvB,0.896985883
PA1412,0.897035384
PA2872,0.89735416
PA1435,0.897644928
stp1,0.897991712
PA0722,0.898512018
PA3626,0.89857698
ureF,0.898751187
aer2,0.899266815
Pae_16,0.899275086
PA3010,0.899456522
recG,0.899585591
PA3859,0.89965662
Pae_fl,0.900362319
cycB,0.900531603
ureD,0.900541919
PA1289,0.90064067
PA2079,0.900860695
nudC,0.901179471
PA1945,0.901418205
aguR,0.901498247
PA3200,0.90175012
PA4926,0.901945822
PA2806,0.902181104
PA2165,0.902454574
masA,0.902594447
PA1210,0.903062958
PA3022,0.903071891
PA0954,0.903970208
PA0116,0.904147581
PA4298,0.90436723
PA0318,0.90459676
nrdJa,0.905004782
PA2572,0.90515853
pcrR,0.905323558
PA0822,0.905379626
PA1931,0.90576116
PA0312,0.905940278
aroC,0.905990272
PA2792,0.906429433
lecA,0.906905761
parS,0.906917437
PA3354,0.90712818
mexK,0.907146108
aspP,0.90838623
pckA,0.908542269
PA4435,0.90881343
PA5270,0.909421939
mltF,0.909467644
PA1643,0.909683163
PA0360,0.909832543
PA1331,0.909886842
ig_471,0.909958031
PA2578,0.910039986
tag,0.910787437
pbpG,0.911533365
ambC,0.911684783
PA1779,0.911699076
PA0274,0.912628768
PA3934,0.913010301
PA3534,0.913391835
PA3335,0.913611731
PA5477,0.913773369
PA1492,0.913930507
PA4787,0.914261498
PA1359,0.91449319
cynR,0.914997407
catB,0.915843162
sdhD,0.916203231
siaA,0.916249431
hxcW,0.916480714
PA5273,0.916663872
PA4627,0.91672533
PA5444,0.91679949
ilvA1,0.917435929
PA2714,0.917755818
PA4075,0.917793812
ligT,0.918351774
PA1824,0.918478261
PA2037,0.918525262
cntO,0.918712145
mexP,0.918733308
xcpZ,0.919328681
erbR,0.919409134
PA2167,0.919668473
wzm,0.919987249
PA0743,0.920259443
aceF,0.920567173
PA3417,0.920640977
potB,0.920742754
cobL,0.921256259
PA3936,0.921785578
PA1463,0.92236686
PA3231,0.922554348
lpxA,0.922666781
pvdE,0.922856232
PA3336,0.923175008
phr,0.92381256
aroE,0.924456314
PA1237,0.924661274
opuCC,0.924837848
PA4644,0.925219382
pcaK,0.926363983
PA0553,0.926396098
PA3216,0.926745517
PA1020,0.929416253
PA4036,0.929797787
fbp,0.929808493
pvdA,0.929869302
PA4452,0.929934559
PA0653,0.930425922
rnr,0.93048277
PA0203,0.930560855
ptxR,0.930793414
flp,0.931323922
PA2939,0.931463181
fvbA,0.931661957
mltD,0.931781957
fpvA,0.932065217
PA2309,0.932100733
PA2834,0.93229295
PA5464,0.932338677
PA2498,0.932468523
waaP,0.932898813
Pae_23,0.933231591
PA1851,0.933871508
Pae_J0,0.933876812
PA0757,0.934911243
PA0480,0.935139927
PA0273,0.935926044
pfeE,0.936070138
PA1968,0.936105755
PA0233,0.936614304
eddA,0.936665395
katB,0.936794223
PA3923,0.93819153
PA2412,0.938197366
tpm,0.939110095
PA2251,0.939147833
PA2845,0.939432579
PA3959,0.939462904
aer,0.939680466
bdhA,0.939717665
PA3449,0.93991807
PA5225,0.940422729
PA1857,0.940480733
nmoA,0.940829053
PA2954,0.941579779
PA4049,0.943387681
PA2577,0.943541128
PA1860,0.943576666
amaB,0.943833759
gbcA,0.944014565
PA1396,0.944293478
PA3399,0.944423754
ksgA,0.944542901
dppA2,0.945059138
PA1217,0.945489321
azoR3,0.94583523
PA2751,0.946029637
PA4908,0.946203739
PA4465,0.946275642
PA2752,0.947340802
PA1747,0.948111061
PA0397,0.948218579
PA3869,0.94852272
phnX,0.948566227
PA1347,0.948995856
PA2933,0.949096763
PA3668,0.949275362
puuR,0.949633408
PA0834,0.949931725
PA0556,0.950386891
PA0753,0.951086957
atuE,0.951163678
triB,0.951227287
PA4193,0.951297223
ig_470,0.951545212
PA0786,0.951546063
chpE,0.951684084
PA3956,0.951926746
PA2803,0.951992754
PA1744,0.952183615
PA5116,0.95228794
PA5071,0.952821167
PA0220,0.953777494
PA3240,0.954050899
cyoA,0.954215948
PA5269,0.954523242
PA2375,0.955255428
PA3500,0.955360549
PA2217,0.955371374
PA5074,0.95569015
PA2310,0.955742083
cti,0.956505151
hsiH3,0.956955101
PA2049,0.956965253
hsiC2,0.957352825
mmsA,0.957585664
PA4974,0.957669549
PA4333,0.957749738
PA1833a,0.958240357
mobA,0.958579882
PA2421,0.958794353
PA5160,0.958877909
PA1517,0.959072107
popB,0.959196685
xcpX,0.959490214
PA2848,0.959834237
gacS,0.960153012
lpxD,0.960276202
rimI,0.960400546
spuD,0.960471788
PA1126,0.961020399
PA1075,0.962171573
pcaF,0.962609691
gabD,0.96270322
secB,0.9628295
pslH,0.962869467
PA4698,0.963202977
rtcR,0.963299538
PA2038,0.963340771
PA2296,0.963372758
PA2264,0.963586709
hisD,0.963628352
PA4095,0.963978323
rtcA,0.964363099
flgJ,0.965253427
algF,0.9656223
zipA,0.965985037
PA1314,0.966425029
PA5153,0.966847306
PA4431,0.967188096
moaB1,0.967228038
phzB2,0.967484858
fdhA,0.96756963
rubA2,0.967632509
PA1405,0.968212847
PA5439,0.968510871
PA5181,0.968714231
olsB,0.969095765
ilvA2,0.969317495
PA3071,0.969397514
PA2807,0.969503869
PA1286,0.969716289
PA4909,0.969858833
PA4796,0.970035065
PA0121,0.970093695
gcvT1,0.970141557
tadB,0.970240366
PA0241,0.971310169
xdhA,0.971712316
PA2672,0.971947721
PA3220,0.972072827
coaC,0.972234866
PA3443,0.972529569
PA2880,0.972826087
panE,0.972855496
PA2268,0.973278986
PA0815,0.973332736
PA1229,0.97367417
PA0812,0.973731884
PA3003,0.974134176
PA0400,0.974179152
PA1478,0.974755786
PA1468,0.974853516
PA3851,0.974985447
PA0841,0.975382848
PA1567,0.975581839
phnW,0.975876195
PA2157,0.976597053
aruB,0.976705672
PA2650,0.97672644
PA3669,0.976902174
PA3253,0.977355072
PA1604,0.977508973
PA3139.1,0.977685687
PA2636,0.977807971
PA2817,0.977972065
PA2196,0.978004463
rubB,0.978304846
opmE,0.978642015
PA4631,0.979239278
PA3473,0.979397177
PA2122,0.979598342
znuC,0.979743573
psdR,0.979917118
PA4805,0.980072464
PA3322,0.980127451
PA0557,0.980235894
PA0720,0.981686379
PA4485,0.981793355
cupB2,0.981829774
ccpR,0.982062479
tadA,0.982467325
PA3094.3,0.982786101
PA2419,0.982789855
PA0951,0.983212514
PA5441,0.983977774
PA1625,0.984316337
PA4757,0.984379981
PA4382,0.984738649
pctB,0.985054348
dksA,0.985336309
PA1732,0.986292636
eraS,0.986930188
pbpC,0.987248964
ig_211,0.987790919
plcH,0.987886516
lipH,0.988205292
hacB,0.988420316
PA2674,0.988553987
PA0752,0.988935521
PA3985,0.989534096
PA2534,0.989698588
PA1349,0.98996032
PA2653,0.989986345
PA2794,0.990441511
ubiA,0.990618578
opdK,0.990755499
ptrA,0.99084319
PA0716,0.990896677
nuh,0.990942029
PA4180,0.99103432
PA4531,0.991139005
bauR,0.991265048
AFFX-B,0.991388364
PA1327,0.991711827
PA5466,0.99180701
braF,0.992030602
PA5188,0.992349378
PA2567,0.993132392
PA5157,0.993206522
upp,0.993305706
dapF,0.99348622
qor,0.993524185
PA4287,0.993624482
tseT,0.99365942
PA4012,0.993729737
PA0038,0.993847092
PA4815,0.99386853
speE2,0.994758235
ispB,0.995855913
spuG,0.995923913
PA2203,0.996376812
lptC,0.996469424
hxcU,0.996566196
phaD,0.996812241
coxA,0.997329264
PA5047,0.997490553
tadC,0.997710797
ccoN1,0.997735507
fabF2,0.998052336
metE,0.998087345
PA3843,0.998188406
PA5275,0.998193647
PA1232,0.99840612
antB,0.998473865
PA4189,0.998724896
PA4437,0.998855399
PA2461,0.999089668
dnaE,0.999092562
ig_727,0.999094203
vacJ,0.999252693
PA2148,0.999647289
purU1,1
cmaX,1
PA5247,1
PA5176,1
PA3965,1
PA0309,1
PA0541,1
PA0953,1
PA0489,1
PA1206,1
PA1122,1
PA2718,1
PA4638,1
moaD,1
ddaH,1
PA4340,1
PA3033,1
PA0066,1
PA1429,1
gabT2,1
PA5073,1
PA3945,1
PA4817,1
moaB2,1
PA0960,1
ampR,1
PA4537,1
spuA,1
PA5290,1
gcdR,1
ung,1
flgG,1
PA3481,1
PA4511,1
PA4311,1
PA0062,1
ctpH,1
dhcR,1
fliM,1
PA0012,1
PA3865,1
PA1966,1
PA3576,1
PA1889,1
ndh,1
PA1110,1
PA2582,1
PA1558,1
PA5080,1
PA3388,1
catR,1
PA3755,1
PA5461,1
PA1741,1
PA3435,1
PA0789,1
PA1306,1
rbsB,1
dguR,1
PA2897,1
PA1064,1
PA0478,1
fleN,1
PA5343,1
PA4872,1
PA2758,1
mutM,1
PA5019,1
PA2871,1
PA2799,1
PA4716,1
PA1324,1
PA3034,1
PA0449,1
PA3565,1
carP,1
PA1357,1
PA5428,1
PA3680,1
moaA2,1
moaE,1
aguA,1
PA3753,1
cysQ,1
omlA,1
PA1026,1
gcbA,1
PA0855,1
cbrB,1
ntrB,1
PA1881,1
PA1234,1
PA2750,1
mexT,1
PA3845,1
PA0186,1
PA0315,1
desT,1
PA2708,1
PA2544,1
rbsK,1
PA4233,1
rfaE,1
PA3567,1
waaA,1
PA0851,1
PA0275,1
PA0562,1
moeA2,1
PA3699,1
lysA,1
moaC,1
PA5151,1
PA4924,1
PA1593,1
PA0950,1
PA2877,1
PA4171,1
PA1608,1
PA4985,1
PA1969,1
PA3679,1
PA1759,1
PA2821,1
tpx,1
PA0877,1
czcR,1
PA2916,1
PA4440,1
triA,1
PA4353,1
PA5233,1
PA4989,1
PA5407,1
PA1426,1
PA0543,1
PA4094,1
PA3264,1
PA4473,1
thyA,1
PA0307,1
PA5076,1
PA2488,1
PA0492,1
PA5028,1
PA4445,1
PA3944,1
znuA,1
PA5208,1
dsbM,1
PA0236,1
PA4955,1
PA4879,1
PA3968,1
fapE,1
PA2884,1
PA1166,1
PA1037,1
PA3969,1
kdpD,1
PA1464,1
PA1629,1
PA2651,1
PA2124,1
PA4170,1
PA4906,1
PA3016,1
PA4436,1
PA0814,1
ampD,1
PA3715,1
amtB,1
PA0451,1
PA5127,1
PA4157,1
ribD,1
PA4902,1
PA1040,1
PA0567,1
speE,1
PA1755,1
PA2497,1
PA1507,1
PA0271,1
PA2216,1
PA3373,1
PA3883,1
aroK,1
PA2503,1
proE,1
ppiC1,1
PA0581,1
PA1235,1
PA2453,1
PA1825,1
PA1772,1
PA1397,1
xseA,1
pgsA,1
ldh,1
anr,1
hemC,1
sphR,1
gdhA,1
rcpA,1
PA1264,1
PA2946,1
PA3269,1
PA3782,1
PA1221,1
PA0276,1
sltB2,1
PA3836,1
rpe,1
PA3605,1
PA2982,1
ig_863,1
PA0829,1
PA0946,1
miaA,1
PA1378,1
PA5299,1
dpkA,1
PA1619,1
PA0749,1
pqsH,1
PA3295,1
PA2940,1
azoR1,1
PA1788,1
PA4510,1
nalD,1
eatR,1
PA2723,1
sbcD,1
PA3398,1
vanA,1
lptA,1
PA4994,1
PA1045,1
PA0816,1
PA1043,1
nuoA,1
PA0352,1
bfiR,1
PA1840,1
PA1437,1
PA1571,1
PA1890,1
PA4595,1
PA0657,1
PA3886,1
PA1872,1
orn,1
cbpA,1
xthA,1
PA2831,1
PA2762,1
fumC2,1
PA1994,1
PA4952,1
mexZ,1
mucC,1
PA0508,1
PA2815,1
PA3056,1
kdsB,1
radA,1
PA0660,1
asd,1
PA5177,1
PA4115,1
xqhA,1
PA1576,1
PA1467,1
PA2048,1
PA4783,1
PA2788,1
PA2434,1
ureE,1
PA5194,1
hasAp,1
PA2301,1
PA5152,1
PA4991,1
mifS,1
PA1140,1
PA0847,1
kynB,1
PA0109,1
glpR,1
PA0759,1
PA3135,1
PA1958,1
PA2928,1
PA5532,1
hsbA,1
hemE,1
PA3698,1
PA0354,1
PA5289,1
PA5342,1
PA4062,1
aaaA,1
PA4290,1
PA1203,1
PA0104,1
xylS,1
fliA,1
alkA,1
PA0022,1
PA1640,1
PA1128,1
PA0191,1
PA2500,1
sphB,1
PA3788,1
PA3130,1
PA2576,1
sprP,1
PA0110,1
PA2299,1
modA,1
PA2551,1
ig_554,1
PA3457,1
PA1605,1
radC,1
PA4792,1
PA0040,1
PA1866,1
PA0737,1
PA3611,1
vreI,1
PA5248,1
ptxS,1
PA3474,1
PA5445,1
PA5396,1
hemB,1
PA0242,1
PA2489,1
argH,1
PA2801,1
PA1841,1
katE,1
PA2816,1
PA3852,1
PA0458,1
amaR,1
PA5525,1
PA0188,1
PA5363,1
dsbD,1
PA2029,1
PA1350,1
PA5237,1
PA0256,1
PA2701,1
earP,1
napE,1
PA0912,1
nosZ,1
PA4753,1
PA4330,1
PA1024,1
PA1227,1
PA3256,1
PA1876,1
PA2869,1
PA3520,1
PA1591,1
fabV,1
PA1735,1
dgkA,1
PA5401,1
PA4434,1
PA1226,1
PA1977,1
mdcA,1
PA1833,1
PA4987,1
PA5101,1
PA0486,1
PA2380,1
PA1745,1
PA0150,1
cioB,1
PA1223,1
betT1,1
erfA,1
PA0422,1
cls,1
PA3943,1
hxcR,1
trpS,1
prmA,1
PA1270,1
PA0112,1
PA2056,1
PA1354,1
PA5303,1
PA5520,1
cgrA,1
PA1411,1
PA4061,1
PA1547,1
PA1182,1
thrB,1
pcrG,1
PA4392,1
PA0535,1
pdxJ,1
snr1,1
PA0052,1
PA0876,1
PA4722,1
PA2673,1
PA4882,1
gltR,1
PA4643,1
PA4074,1
PA3248,1
PA3957,1
PA0488,1
rnd,1
PA3830,1
PA1522,1
hxcZ,1
PA2176,1
pctA,1
PA5234,1
PA2652,1
plaB,1
PA4995,1
PA1624,1
PA4162,1
sawR,1
PA0975,1
PA2414,1
PA3051,1
PA3026,1
PA1047,1
PA3430,1
PA2206,1
PA0864,1
PA0384,1
dsbH,1
PA2315,1
PA5146,1
PA5359,1
PA5209,1
PA3035,1
PA1351,1
PA2589,1
PA0487,1
aruI,1
PA3855,1
rhdA,1
hemD,1
PA3125,1
ig_991,1
PA0461,1
sppR,1
PA3752,1
PA1328,1
PA0738,1
PA1864,1
PA0213,1
PA1466,1
lecB,1
PA1887,1
PA3254,1
PA2555,1
PA0111,1
trxB2,1
PA1292,1
PA0566,1
acoR,1
acpP,1
PA0940,1
PA2448,1
PA1290,1
rbsA,1
PA3066,1
PA5440,1
PA4968,1
PA2107,1
PA0817,1
PA2311,1
treA,1
PA3683,1
PA1628,1
cat,1
PA1997,1
purN,1
PA3994,1
folB,1
PA0583,1
PA3904,1
PA3287,1
tesB,1
PA3896,1
PA0494,1
tatA,1
PA0166,1
PA2720,1
PA5433,1
PA1750,1
PA0034,1
PA5027,1
PA1932,1
sfnR1,1
PA0554,1
PA4173,1
algW,1
PA5546,1
PA3277,1
PA5474,1
PA1225,1
PA5282,1
rnk,1
PA0179,1
davD,1
PA3267,1
ilvD,1
PA4347,1
aceK,1
aruH,1
PA1307,1
PA3913,1
PA2024,1
PA1616,1
PA2590,1
PA5517,1
PA0334,1
PA3036,1
PA2490,1
PA2814,1
PA3089,1
PA0741,1
fapD,1
PA1873,1
pcpS,1
phzH,1
agtR,1
PA3358,1
icd,1
PA1655,1
PA5486,1
hisJ,1
PA2989,1
PA4791,1
lpd3,1
PA1598,1
cntM,1
PA1621,1
PA4165,1
glpK,1
PA1914,1
PA0878,1
PA5529,1
PA2267,1
PA1560,1
PA2330,1
spcS,1
PA4294,1
PA4339,1
mexQ,1
PA3411,1
PA0664,1
PA0570,1
PA3085,1
fabG,1
fhp,1
PA3004,1
PA3489,1
PA1680,1
PA3426,1
glgB,1
PA3241,1
PA1506,1
cbcW,1
plsX,1
PA1231,1
PA2864,1
atuA,1
PA4766,1
PA3184,1
PA3594,1
PA1125,1
PA1594,1
PA0787,1
PA1050,1
PA0916,1
PA1236,1
PA3961,1
yfiR,1
minC,1
PA1888,1
PA2168,1
PA3939,1
PA3578,1
pcr2,1
PA2958,1
foxI,1
PA2820,1
PA0990,1
PA2431,1
xcpP,1
acoB,1
pilG,1
vfr,1
PA4342,1
PA1132,1
PA4183,1
PA1489,1
PA2430,1
PA4198,1
PA1142,1
PA0526,1
ubiE,1
PA1137,1
PA0894,1
PA1109,1
PA2882,1
PA0790,1
PA1736,1
PA1224,1
dnaB,1
PA0306,1
PA1186,1
PA4078,1
PA1929,1
czcB,1
pslN,1
fabA,1
xcpR,1
PA3128,1
PA2547,1
PA2174,1
PA3372,1
PA4821,1
PA2841,1
PA1850,1
gtdA,1
PA3459,1
PA3355,1
nrdG,1
PA1827,1
uvrD,1
PA5475,1
PA0189,1
PA2550,1
PA3196,1
PA2898,1
PA2085,1
hemN,1
PA4029,1
ampDh2,1
PA2072,1
PA0859,1
PA0167,1
hxcY,1
rocsS2,1
PA3856,1
modB,1
Pae_or,1
rbsR,1
PA4438,1
PA0819,1
PA4870,1
PA2415,1
PA1348,1
pmrA,1
PA2764,1
PA0394,1
PA2158,1
PA0530,1
napF,1
lipC,1
hsiB3,1
PA0731,1
PA3420,1
PA3455,1
cupA2,1
pipA,1
PA0173,1
PA2152,1
PA2592,1
napA,1
PA1764,1
PA5211,1
PA0048,1
lpxO1,1
narI,1
PA4017,1
pqqA,1
PA5205,1
souR,1
PA1488,1
PA4577,1
PA3924,1
PA2699,1
lip3,1
nosD,1
PA4046,1
pqqH,1
PA0658,1
PA1415,1
PA4697,1
PA4712,1
algE,1
PA2706,1
acsB,1
PA5179,1
PA0174,1
PA1751,1
PA1734,1
PA2833,1
gshB,1
PA0113,1
PA2063,1
rbdA,1
dgcA,1
lhpA,1
pfpI,1
PA0339,1
agtS,1
PA0246,1
rimJ,1
popN,1
cntL,1
PA0344,1
rnhA,1
PA0159,1
hsiA2,1
PA0006,1
PA3088,1
hcp3,1
PA1015,1
PA2269,1
pssA,1
PA4536,1
PA1424,1
PA2050,1
nirG,1
PA3773,1
PA4288,1
dauR,1
exaA,1
PA3734,1
mvfR,1
wrbA,1
PA4841,1
PA4018,1
PA4400,1
hisH1,1
PA3822,1
pqqB,1
PA1035,1
adk,1
PA1650,1
PA0484,1
thiG,1
mtlY,1
PA4060,1
PA1933,1
PA4027,1
PA4405,1
etfB,1
leuB,1
pelA,1
PA0218,1
PA4098,1
PA2383,1
rbsC,1
PA0598,1
PA2327,1
PA2214,1
PA3446,1
sphC,1
PA5405,1
ureG,1
cifR,1
PA1018,1
PA5283,1
PA0830,1
PA1202,1
PA1238,1
PA3592,1
PA1623,1
PA0840,1
fpvR,1
PA0065,1
bdlA,1
aroQ2,1
trkH,1
PA3055,1
PA1187,1
bauC,1
PA3898,1
hutC,1
PA0182,1
PA3425,1
PA2681,1
PA1118,1
PA4005,1
gbuR,1
PA2972,1
PA3289,1
PA0141,1
PA5249,1
PA3197,1
cafA,1
PA2909,1
bauB,1
PA4970,1
PA5258,1
PA0700,1
sadC,1
Pae_L3,1
PA2149,1
PA3023,1
amaA,1
PA2475,1
apt,1
PA1063,1
PA1201,1
PA1398,1
PA0007,1
ddaR,1
PA3928,1
PA1228,1
PA2175,1
PA2051,1
PA0702,1
lhpB,1
PA1240,1
PA4100,1
PA5252,1
PA3568,1
PA2543,1
PA0599,1
PA2735,1
PA0493,1
PA4534,1
clpS,1
hasE,1
PA1877,1
clpV3,1
PA1941,1
PA1826,1
PA4925,1
pvdF,1
PA4509,1
PA2178,1
sdaB,1
PA1618,1
PA3323,1
PA2271,1
PA1615,1
PA3404,1
PA1408,1
PA4884,1
dgcB,1
hutE,1
lasA,1
PA3464,1
PA2030,1
PA3278,1
greA,1
PA0335,1
ppiB,1
PA1922,1
PA0496,1
czcS,1
nrdD,1
minD,1
cgrC,1
PA0788,1
PA2096,1
PA2345,1
PA4291,1
PA5106,1
xylL,1
PA0800,1
PA4150,1
sppA,1
exbD2,1
PA4532,1
PA4592,1
PA2790,1
PA1916,1
fadH2,1
argS,1
PA1007,1
PA3688,1
ercS,1
PA3226,1
PA4166,1
PA2575,1
catC,1
napB,1
PA2159,1
PA2902,1
mltB1,1
PA1499,1
fhpR ,1
PA3456,1
gtrS,1
bioF,1
gfnR,1
arnC,1
PA4780,1
dadX,1
PA0597,1
PA3848,1
PA3825,1
PA1034,1
pauA6,1
acnA,1
PA4128,1
PA4894,1
PA1115,1
PA5150,1
PA3941,1
putA,1
PA4860,1
Pae_U9,1
fimL,1
cheY,1
PA1068,1
lon,1
PA0101,1
PA3801,1
cheZ,1
cysG,1
metF,1
PA0015,1
PA4621,1
pfeR,1
ruvB,1
lptE,1
pscG,1
PA2529,1
PA4632,1
PA2150,1
atuB,1
PA5279,1
ccmF,1
ccoP1,1
PA0431,1
speD2,1
PA2021,1
braC,1
PA0900,1
pscD,1
PA1883,1
PA5281,1
phuU,1
polB,1
PA2625,1
PA3239,1
PA4754,1
trkA,1
shaD,1
phuW,1
flgD,1
PA5221,1
PA2034,1
PA2095,1
dgt,1
PA5022,1
PA4594,1
PA1884,1
PA4475,1
PA3983,1
morB,1
PA5250,1
nadB,1
PA0746,1
ppc,1
PA2359,1
pscJ,1
kefB,1
PA2554,1
PA2112,1
uvrB,1
chpD,1
PA1090,1
PA3020,1
PA1831,1
PA1991,1
bifA,1
gcpE,1
chpC,1
PA4701,1
xylZ,1
PA5055,1
cbiD,1
PA0222,1
PA2719,1
muiA,1
pfeS,1
PA3799,1
PA2435,1
rmlD,1
PA4794,1
ubiX,1
PA2004,1
PA4516,1
PA1649,1
liuD,1
PA4426,1
spuB,1
pmbA,1
PA0054,1
hcpC,1
PA3234,1
phhR,1
arnB,1
femR,1
pscP,1
cpo,1
PA0988,1
parE,1
aceE,1
PA2111,1
purT,1
PA2605,1
dnaQ,1
iciA,1
PA3454,1
PA4965,1
PA0145,1
PA3623,1
PA5314,1
fecA,1
dnaN,1
PA4387,1
nqrC,1
PA0442,1
rodA,1
PA2331,1
pilJ,1
argA,1
mqoA,1
PA1683,1
fprB,1
PA1942,1
def,1
PA2811,1
PA3052,1
PA4318,1
PA2913,1
recF,1
PA0491,1
hom,1
holB,1
tgpA,1
PA4093,1
PA3043,1
cobI,1
PA0418,1
PA0429,1
wzz2,1
PA0920,1
vgrG5,1
PA1295,1
PA5236,1
PA5534,1
PA2044,1
fliO,1
moeB,1
PA4090,1
PA5216,1
soj,1
folE1,1
PA3047,1
plcR,1
PA3767,1
PA5189,1
opgG,1
PA2945,1
lolC,1
asrA,1
kynU,1
PA3765,1
mucP,1
PA2789,1
hitA,1
PA4992,1
PA2791,1
era,1
PA5210,1
PA2632,1
ribB,1
PA0769,1
PA2202,1
PA3445,1
pilS,1
PA5251,1
PA5533,1
ftsJ,1
fliP,1
nirQ,1
PA1819,1
PA4658,1
narX,1
nagR,1
PA3198,1
ygcA,1
PA0591,1
mifR,1
gcvH2,1
wbpW,1
PA4619,1
PA1352,1
PA3142,1
PA5492,1
ctpA,1
amiC,1
psd,1
kinB,1
amiR,1
PA2358,1
PA2553,1
pscO,1
PA2682,1
lptB,1
rocA1,1
PA0558,1
PA1688,1
PA3365,1
shaB,1
PA0930,1
fadD2,1
PA3238,1
PA0389,1
PA0214,1
phhC,1
algK,1
dxr,1
PA3173,1
PA1595,1
PA2042,1
amiE,1
cysD,1
prpC,1
ccmE,1
PA2043,1
speA,1
folX,1
PA2436,1
ilvE,1
rmlB,1
PA3039,1
amiB,1
PA2552,1
opdH,1
PA1403,1
PA4424,1
roxS,1
PA4458,1
uppS,1
PA2230,1
PA3982,1
PA1184,1
sdsA1,1
PA5185,1
PA2695,1
PA0165,1
murB,1
hisM,1
PA3310,1
PA1293,1
leuD,1
PA5005,1
truA,1
PA2439,1
PA0732,1
alg44,1
tonB3,1
braG,1
PA1767,1
soxB,1
PA3374,1
PA4179,1
PA3750,1
PA1011,1
PA2141,1
PA3122,1
PA2822,1
PA0981,1
PA3470,1
PA5202,1
PA1033,1
PA4618,1
PA2496,1
PA1394,1
shaA,1
ponA,1
ftsE,1
bioA,1
bfmR,1
PA1285,1
PA3932,1
ppk,1
PA4425,1
tktA,1
PA0372,1
PA5020,1
lpxO2,1
gbcB,1
secA,1
PA5158,1
cioA,1
PA1797,1
pvdR,1
cpxS,1
atuD,1
motD,1
PA1208,1
PA3849,1
aroQ1,1
PA2797,1
desA,1
PA1548,1
PA3297,1
migA,1
cyoD,1
PA4066,1
eno,1
pscR,1
mmsB,1
aceA,1
PA2287,1
davT,1
PA2045,1
PA3301,1
PA1957,1
PA1926,1
PA4584,1
PA2773,1
PA1009,1
mttC,1
PA4469,1
PA1152,1
pscB,1
qscR,1
parR,1
PA3894,1
plcN,1
oxyR,1
PA3747,1
pcm,1
fleR,1
norM,1
PA1516,1
prmC,1
hisA,1
greB,1
msuE,1
PA3390,1
PA0799,1
PA2376,1
PA1459,1
anmK,1
cobE,1
PA2949,1
PA3402,1
PA0839,1
thiE,1
PA1765,1
PA3180,1
PA2313,1
pcaT,1
PA5473,1
PA2285,1
PA3209,1
PA3963,1
msbA,1
fecR,1
PA0142,1
PA5003,1
PA4636,1
pilV,1
PA3538,1
fecI,1
PA3766,1
PA0801,1
PA4673,1
PA1542,1
epd,1
PA1960,1
femI,1
PA0386,1
ccmB,1
PA2874,1
PA5109,1
PA0751,1
PA2334,1
PA1849,1
ptpA,1
PA3539,1
ccmC,1
PA1379,1
PA2106,1
PA3094,1
PA4030,1
PA0802,1
aotM,1
ribC,1
PA3389,1
cyaB,1
PA2767,1
PA1536,1
alaS,1
glyQ,1
tsi6,1
PA4633,1
PA4009,1
PA4194,1
sodM,1
PA2447,1
