#node1	node2	node1_string_id	node2_string_id	neighborhood_on_chromosome	gene_fusion	phylogenetic_cooccurrence	homology	coexpression	experimentally_determined_interaction	database_annotated	automated_textmining	combined_score
PA0079	PA4489	208964.PA0079	208964.PA4489	0	0	0	0	0.460	0	0	0	0.459
PA0079	PA2537	208964.PA0079	208964.PA2537	0	0	0.166	0	0.384	0	0	0	0.464
PA0079	vgrG1c	208964.PA0079	208964.PA2685	0.063	0	0.774	0	0.327	0	0	0.074	0.850
PA0079	clpV1	208964.PA0079	208964.PA0090	0.205	0	0.752	0	0.863	0	0	0.081	0.972
PA0079	PA0086	208964.PA0079	208964.PA0086	0.220	0	0.761	0	0.868	0	0	0	0.973
PA0079	PA0087	208964.PA0079	208964.PA0087	0.225	0	0.762	0	0.874	0	0	0.153	0.977
PA0079	PA0088	208964.PA0079	208964.PA0088	0.205	0	0.774	0	0.868	0.402	0	0.122	0.985
PA0079	PA0083	208964.PA0079	208964.PA0083	0.271	0	0.774	0	0.917	0	0	0.136	0.986
PA0083	PA2537	208964.PA0083	208964.PA2537	0	0	0	0	0.436	0	0	0	0.436
PA0083	PA3729	208964.PA0083	208964.PA3729	0	0	0	0	0.568	0	0	0	0.568
PA0083	vgrG1c	208964.PA0083	208964.PA2685	0.066	0	0.774	0	0.553	0	0	0.095	0.903
PA0083	PA0088	208964.PA0083	208964.PA0088	0.376	0	0.774	0	0.846	0	0	0.123	0.978
PA0083	clpV1	208964.PA0083	208964.PA0090	0.376	0	0.765	0	0.892	0	0	0.193	0.985
PA0083	PA0087	208964.PA0083	208964.PA0087	0.400	0	0.774	0	0.904	0	0	0.147	0.987
PA0083	PA0086	208964.PA0083	208964.PA0086	0.400	0	0.774	0	0.927	0.900	0	0	0.998
PA0086	PA2536	208964.PA0086	208964.PA2536	0	0	0.231	0	0.261	0	0	0	0.407
PA0086	PA3729	208964.PA0086	208964.PA3729	0	0	0	0	0.446	0	0	0	0.446
PA0086	PA4487	208964.PA0086	208964.PA4487	0	0	0	0	0.475	0	0	0	0.475
PA0086	PA4489	208964.PA0086	208964.PA4489	0	0	0	0	0.488	0	0	0	0.487
PA0086	PA2539	208964.PA0086	208964.PA2539	0	0	0.161	0	0.455	0	0	0	0.523
PA0086	PA2537	208964.PA0086	208964.PA2537	0	0	0.220	0	0.464	0	0	0	0.564
PA0086	vgrG1c	208964.PA0086	208964.PA2685	0.078	0	0.765	0	0.458	0	0	0.083	0.877
PA0086	PA0088	208964.PA0086	208964.PA0088	0.788	0	0.773	0	0.911	0	0	0	0.995
PA0086	clpV1	208964.PA0086	208964.PA0090	0.785	0	0.752	0	0.870	0	0	0.381	0.995
PA0086	PA0087	208964.PA0086	208964.PA0087	0.806	0	0.774	0	0.949	0	0	0	0.997
PA0087	PA3729	208964.PA0087	208964.PA3729	0	0	0	0	0.406	0	0	0	0.406
PA0087	PA2539	208964.PA0087	208964.PA2539	0	0	0	0	0.432	0	0	0	0.432
PA0087	PA4489	208964.PA0087	208964.PA4489	0	0	0	0	0.476	0	0	0	0.476
PA0087	PA2537	208964.PA0087	208964.PA2537	0	0	0.201	0	0.471	0	0	0	0.559
PA0087	vgrG1c	208964.PA0087	208964.PA2685	0.077	0	0.770	0	0.443	0	0	0.077	0.876
PA0087	clpV1	208964.PA0087	208964.PA0090	0.785	0	0.757	0	0.877	0	0	0.104	0.993
PA0087	PA0088	208964.PA0087	208964.PA0088	0.788	0	0.774	0	0.934	0	0	0.152	0.997
PA0088	PA3729	208964.PA0088	208964.PA3729	0	0	0	0	0.459	0	0	0	0.459
PA0088	PA4487	208964.PA0088	208964.PA4487	0	0	0	0	0.460	0	0	0	0.459
PA0088	PA2537	208964.PA0088	208964.PA2537	0.050	0	0.170	0	0.460	0	0	0	0.537
PA0088	PA4489	208964.PA0088	208964.PA4489	0	0	0	0	0.573	0	0	0	0.573
PA0088	vgrG1c	208964.PA0088	208964.PA2685	0.063	0	0.774	0	0.304	0	0	0.082	0.846
PA0088	clpV1	208964.PA0088	208964.PA0090	0.780	0	0.768	0	0.872	0	0	0.075	0.993
PA0111	PA4925	208964.PA0111	208964.PA4925	0	0	0	0	0.436	0	0	0	0.436
PA0111	cyoE1	208964.PA0111	208964.PA0113	0.563	0	0.599	0	0.835	0	0	0.152	0.972
PA0111	PA0112	208964.PA0111	208964.PA0112	0.643	0	0.759	0	0.811	0.116	0	0.224	0.986
PA0112	cyoE1	208964.PA0112	208964.PA0113	0.715	0	0.737	0	0.903	0.422	0.900	0.845	0.999
PA0124	PA1030	208964.PA0124	208964.PA1030	0	0	0	0	0.053	0	0	0.770	0.772
PA0124	PA1029	208964.PA0124	208964.PA1029	0.042	0	0	0	0.071	0	0	0.882	0.885
PA0200	PA3966	208964.PA0200	208964.PA3966	0	0	0.409	0	0	0	0	0	0.409
PA0200	PA1789	208964.PA0200	208964.PA1789	0	0	0	0	0.420	0	0	0	0.420
PA0200	PA2501	208964.PA0200	208964.PA2501	0	0	0	0	0.459	0	0	0	0.459
PA0200	PA2119	208964.PA0200	208964.PA2119	0	0	0	0	0.462	0	0	0	0.461
PA0200	PA4352	208964.PA0200	208964.PA4352	0	0	0	0	0.497	0	0	0	0.497
PA0200	oprG	208964.PA0200	208964.PA4067	0	0	0	0	0.320	0	0	0.308	0.509
PA0200	adhA	208964.PA0200	208964.PA5427	0	0	0	0	0.322	0	0	0.353	0.542
PA0200	PA4610	208964.PA0200	208964.PA4610	0	0	0	0	0.609	0	0	0	0.609
PA0200	ccoO2	208964.PA0200	208964.PA1556	0	0	0	0	0.094	0	0	0.589	0.611
PA0200	PA2753	208964.PA0200	208964.PA2753	0	0	0	0	0.670	0	0	0	0.670
PA0200	PA0713	208964.PA0200	208964.PA0713	0	0	0	0	0.074	0	0	0.700	0.710
PA0200	PA5446	208964.PA0200	208964.PA5446	0	0	0	0	0.091	0	0	0.698	0.713
PA0200	PA1746	208964.PA0200	208964.PA1746	0	0	0	0	0.263	0	0	0.699	0.768
PA0200	PA3309	208964.PA0200	208964.PA3309	0	0	0.157	0	0.461	0	0	0.589	0.796
PA0200	PA4577	208964.PA0200	208964.PA4577	0	0	0	0	0.757	0	0	0.411	0.850
PA0200	PA3572	208964.PA0200	208964.PA3572	0	0	0	0	0.573	0	0	0.699	0.865
PA0200	PA5475	208964.PA0200	208964.PA5475	0	0	0	0	0.483	0	0	0.881	0.935
PA0329	ldh	208964.PA0329	208964.PA3418	0	0	0	0	0.422	0	0	0	0.422
PA0329	PA4607	208964.PA0329	208964.PA4607	0	0	0	0	0.459	0	0	0	0.459
PA0329	cspD	208964.PA0329	208964.PA2622	0	0	0	0	0.604	0	0	0	0.604
PA0329	PA0628	208964.PA0329	208964.PA0628	0.186	0	0	0	0	0.805	0	0	0.834
PA0329	PA0622	208964.PA0329	208964.PA0622	0.186	0	0	0	0.042	0.805	0	0.240	0.868
PA0329	PA5178	208964.PA0329	208964.PA5178	0.123	0	0.222	0	0.802	0.774	0	0	0.965
PA0459	ackA	208964.PA0459	208964.PA0836	0.052	0	0	0	0.416	0	0	0.095	0.455
PA0459	nuoH	208964.PA0459	208964.PA2643	0	0	0	0	0.449	0	0	0.061	0.460
PA0459	PA3613	208964.PA0459	208964.PA3613	0	0	0	0	0.459	0	0	0.075	0.478
PA0459	PA4108	208964.PA0459	208964.PA4108	0.061	0	0	0	0.068	0	0	0.494	0.518
PA0459	tpiA	208964.PA0459	208964.PA4748	0.067	0	0.459	0	0	0.090	0	0.129	0.546
PA0510	nirJ	208964.PA0510	208964.PA0511	0.787	0	0.241	0	0.888	0	0	0.812	0.996
PA0578	rpoD	208964.PA0578	208964.PA0576	0.500	0	0	0	0.093	0	0	0	0.527
PA0578	dnaG	208964.PA0578	208964.PA0577	0.619	0	0	0	0.133	0	0	0	0.656
PA0578	rpmF	208964.PA0578	208964.PA2970	0.057	0	0	0	0.400	0	0	0	0.410
PA0578	rplS	208964.PA0578	208964.PA3742	0	0	0	0	0.424	0	0	0	0.424
PA0578	trmD	208964.PA0578	208964.PA3743	0	0	0	0	0.461	0	0	0	0.461
PA0578	rpsU	208964.PA0578	208964.PA0579	0.639	0	0	0	0.931	0	0	0.171	0.977
PA0614	prtN	208964.PA0614	208964.PA0610	0	0	0	0	0.107	0	0	0.589	0.617
PA0614	recA	208964.PA0614	208964.PA3617	0.131	0	0	0	0.094	0	0	0.411	0.495
PA0614	PA0621	208964.PA0614	208964.PA0621	0.489	0	0	0	0.488	0	0	0	0.727
PA0614	PA0635	208964.PA0614	208964.PA0635	0.168	0	0	0	0.757	0	0	0	0.789
PA0614	PA0641	208964.PA0614	208964.PA0641	0.148	0	0	0	0.766	0	0	0	0.792
PA0614	PA0624	208964.PA0614	208964.PA0624	0.348	0	0	0	0.705	0	0	0	0.799
PA0614	PA0627	208964.PA0614	208964.PA0627	0.242	0	0	0	0.772	0	0	0	0.819
PA0614	PA0638	208964.PA0614	208964.PA0638	0.160	0	0	0	0.803	0	0	0	0.827
PA0614	PA0634	208964.PA0614	208964.PA0634	0.186	0	0	0	0.803	0	0	0	0.832
PA0614	PA0622	208964.PA0614	208964.PA0622	0.385	0	0	0	0.779	0	0	0	0.858
PA0614	PA0637	208964.PA0614	208964.PA0637	0.160	0	0	0	0.858	0	0	0	0.875
PA0614	PA0629	208964.PA0614	208964.PA0629	0.214	0	0	0	0.864	0	0	0	0.888
PA0614	PA0620	208964.PA0614	208964.PA0620	0.484	0	0	0	0.792	0	0	0.076	0.892
PA0614	PA0618	208964.PA0614	208964.PA0618	0.504	0	0	0	0.852	0	0	0.180	0.934
PA0614	PA0628	208964.PA0614	208964.PA0628	0.212	0	0	0	0.747	0	0	0.767	0.949
PA0614	PA0636	208964.PA0614	208964.PA0636	0.160	0	0	0	0.861	0	0	0.700	0.961
PA0614	PA0633	208964.PA0614	208964.PA0633	0.189	0	0	0	0.773	0	0	0.880	0.976
PA0618	PA0641	208964.PA0618	208964.PA0641	0.163	0	0	0	0.461	0	0	0	0.529
PA0618	PA0635	208964.PA0618	208964.PA0635	0.206	0	0	0	0.475	0	0	0	0.565
PA0618	PA0633	208964.PA0618	208964.PA0633	0.222	0	0	0	0.472	0	0	0	0.571
PA0618	PA0634	208964.PA0618	208964.PA0634	0.219	0	0	0	0.497	0	0	0	0.590
PA0618	PA0638	208964.PA0618	208964.PA0638	0.189	0	0	0	0.521	0	0	0	0.595
PA0618	PA0637	208964.PA0618	208964.PA0637	0.189	0	0	0	0.549	0	0	0	0.618
PA0618	PA0636	208964.PA0618	208964.PA0636	0.189	0	0	0	0.619	0	0	0	0.677
PA0618	PA0629	208964.PA0618	208964.PA0629	0.310	0	0	0	0.838	0	0	0.587	0.949
PA0618	PA0621	208964.PA0618	208964.PA0621	0.806	0	0	0	0.832	0	0	0.147	0.970
PA0618	PA0624	208964.PA0618	208964.PA0624	0.646	0	0	0	0.955	0	0	0	0.983
PA0618	PA0620	208964.PA0618	208964.PA0620	0.806	0	0.760	0	0.955	0	0	0.708	0.999
PA0618	PA0628	208964.PA0618	208964.PA0628	0.403	0	0.774	0	0.964	0	0	0.857	0.999
PA0618	PA0622	208964.PA0618	208964.PA0622	0.688	0	0.774	0	0.963	0.800	0	0	0.999
PA0618	PA0627	208964.PA0618	208964.PA0627	0.456	0	0.763	0	0.970	0.800	0	0.883	0.999
PA0620	PA5446	208964.PA0620	208964.PA5446	0	0	0	0	0	0	0	0.411	0.410
PA0620	PA0637	208964.PA0620	208964.PA0637	0.189	0	0	0	0.485	0	0	0	0.565
PA0620	PA0635	208964.PA0620	208964.PA0635	0.206	0	0	0	0.422	0	0	0.250	0.625
PA0620	PA0636	208964.PA0620	208964.PA0636	0.310	0	0	0	0.502	0	0	0	0.642
PA0620	PA0641	208964.PA0620	208964.PA0641	0.288	0	0	0	0.335	0	0	0.323	0.652
PA0620	PA0634	208964.PA0620	208964.PA0634	0.219	0	0	0	0.479	0	0	0.414	0.740
PA0620	PA0633	208964.PA0620	208964.PA0633	0.222	0	0	0	0.453	0	0	0.588	0.809
PA0620	PA0638	208964.PA0620	208964.PA0638	0.189	0	0	0	0.479	0	0	0.586	0.810
PA0620	PA0629	208964.PA0620	208964.PA0629	0.346	0	0	0	0.785	0	0	0	0.853
PA0620	PA0624	208964.PA0620	208964.PA0624	0.646	0	0	0	0.915	0	0	0	0.968
PA0620	PA0627	208964.PA0620	208964.PA0627	0.456	0	0.409	0	0.955	0	0	0.163	0.986
PA0620	PA0628	208964.PA0620	208964.PA0628	0.403	0	0.729	0	0.955	0	0	0.174	0.993
PA0620	PA0622	208964.PA0620	208964.PA0622	0.688	0	0.713	0	0.955	0	0	0.169	0.996
PA0620	PA0621	208964.PA0620	208964.PA0621	0.806	0	0	0	0.863	0	0	0.897	0.997
PA0621	prtN	208964.PA0621	208964.PA0610	0	0	0	0	0.055	0	0	0.412	0.421
PA0621	wbpH	208964.PA0621	208964.PA3149	0	0	0	0	0.129	0	0	0.410	0.464
PA0621	PA0641	208964.PA0621	208964.PA0641	0.287	0	0	0	0.307	0	0	0	0.485
PA0621	PA0635	208964.PA0621	208964.PA0635	0.206	0	0	0	0.457	0	0	0	0.550
PA0621	PA0633	208964.PA0621	208964.PA0633	0.222	0	0	0	0.456	0	0	0	0.558
PA0621	PA0637	208964.PA0621	208964.PA0637	0.255	0	0	0	0.473	0	0	0	0.591
PA0621	PA0638	208964.PA0621	208964.PA0638	0.267	0	0	0	0.480	0	0	0	0.603
PA0621	PA0629	208964.PA0621	208964.PA0629	0.319	0	0	0	0.461	0	0	0.081	0.633
PA0621	PA0636	208964.PA0621	208964.PA0636	0.310	0	0	0	0.582	0	0	0	0.699
PA0621	PA0634	208964.PA0621	208964.PA0634	0.219	0	0	0	0.471	0	0	0.588	0.814
PA0621	PA0628	208964.PA0621	208964.PA0628	0.403	0	0	0	0.790	0	0	0.147	0.884
PA0621	PA0624	208964.PA0621	208964.PA0624	0.642	0	0	0	0.733	0	0	0	0.900
PA0621	PA0627	208964.PA0621	208964.PA0627	0.456	0	0	0	0.841	0	0	0	0.910
PA0621	PA0622	208964.PA0621	208964.PA0622	0.688	0	0	0	0.875	0	0	0.170	0.965
PA0622	PA0641	208964.PA0622	208964.PA0641	0.171	0	0	0	0.308	0	0	0	0.402
PA0622	PA2375	208964.PA0622	208964.PA2375	0.105	0	0.291	0	0.158	0	0	0	0.419
PA0622	PA0635	208964.PA0622	208964.PA0635	0.226	0	0	0	0.443	0	0	0	0.550
PA0622	PA0637	208964.PA0622	208964.PA0637	0.204	0	0	0	0.473	0	0	0	0.562
PA0622	PA0638	208964.PA0622	208964.PA0638	0.204	0	0	0	0.473	0	0	0	0.562
PA0622	PA0633	208964.PA0622	208964.PA0633	0.246	0	0	0	0.461	0	0	0	0.576
PA0622	PA0634	208964.PA0622	208964.PA0634	0.242	0	0	0	0.473	0	0	0	0.583
PA0622	PA0636	208964.PA0622	208964.PA0636	0.323	0	0	0	0.492	0	0	0	0.641
PA0622	PA0629	208964.PA0622	208964.PA0629	0.326	0	0	0	0.757	0	0	0	0.829
PA0622	PA5178	208964.PA0622	208964.PA5178	0.123	0	0	0	0.334	0.748	0	0.125	0.853
PA0622	PA0624	208964.PA0622	208964.PA0624	0.753	0	0	0	0.952	0	0	0	0.987
PA0622	PA0628	208964.PA0622	208964.PA0628	0.442	0	0.774	0	0.964	0.794	0	0.164	0.999
PA0622	PA0627	208964.PA0622	208964.PA0627	0.510	0	0.774	0	0.970	0.800	0	0	0.999
PA0624	PA0641	208964.PA0624	208964.PA0641	0.175	0	0	0	0.324	0	0	0	0.418
PA0624	PA0633	208964.PA0624	208964.PA0633	0.258	0	0	0	0.310	0	0	0	0.466
PA0624	PA0635	208964.PA0624	208964.PA0635	0.235	0	0	0	0.340	0	0	0	0.474
PA0624	PA0637	208964.PA0624	208964.PA0637	0.212	0	0	0	0.446	0	0	0	0.544
PA0624	PA0638	208964.PA0624	208964.PA0638	0.211	0	0	0	0.458	0	0	0	0.554
PA0624	PA0634	208964.PA0624	208964.PA0634	0.254	0	0	0	0.429	0	0	0	0.556
PA0624	PA0629	208964.PA0624	208964.PA0629	0.342	0	0	0	0.759	0	0	0	0.834
PA0624	PA0636	208964.PA0624	208964.PA0636	0.212	0	0	0	0.422	0	0	0.697	0.849
PA0624	PA0627	208964.PA0624	208964.PA0627	0.537	0	0	0	0.932	0	0	0	0.967
PA0624	PA0628	208964.PA0624	208964.PA0628	0.462	0	0	0	0.955	0	0	0	0.974
PA0627	prtN	208964.PA0627	208964.PA0610	0	0	0	0	0.087	0	0	0.416	0.444
PA0627	PA0641	208964.PA0627	208964.PA0641	0.215	0	0	0	0.286	0	0	0	0.416
PA0627	PA0635	208964.PA0627	208964.PA0635	0.335	0	0	0	0.317	0	0	0	0.527
PA0627	PA0638	208964.PA0627	208964.PA0638	0.288	0	0	0	0.447	0	0	0	0.590
PA0627	PA0633	208964.PA0627	208964.PA0633	0.380	0	0	0	0.374	0	0	0	0.595
PA0627	PA0637	208964.PA0627	208964.PA0637	0.288	0	0	0	0.460	0	0	0	0.599
PA0627	PA0636	208964.PA0627	208964.PA0636	0.288	0	0	0	0.475	0	0	0	0.610
PA0627	PA0634	208964.PA0627	208964.PA0634	0.372	0	0	0	0.458	0	0	0	0.645
PA0627	PA0629	208964.PA0627	208964.PA0629	0.588	0	0	0	0.760	0	0	0.493	0.945
PA0627	PA0628	208964.PA0627	208964.PA0628	0.656	0	0.773	0	0.970	0	0	0.695	0.999
PA0628	PA0635	208964.PA0628	208964.PA0635	0.412	0	0	0	0.351	0	0	0	0.602
PA0628	PA0637	208964.PA0628	208964.PA0637	0.347	0	0	0	0.458	0	0	0	0.631
PA0628	PA0638	208964.PA0628	208964.PA0638	0.347	0	0	0	0.458	0	0	0	0.631
PA0628	PA0641	208964.PA0628	208964.PA0641	0.267	0	0	0	0.274	0	0	0.411	0.659
PA0628	PA0636	208964.PA0628	208964.PA0636	0.400	0	0	0	0.461	0	0	0	0.663
PA0628	PA0634	208964.PA0628	208964.PA0634	0.463	0	0	0	0.458	0	0	0	0.696
PA0628	PA5178	208964.PA0628	208964.PA5178	0.123	0	0	0	0.058	0.697	0	0	0.727
PA0628	PA0633	208964.PA0628	208964.PA0633	0.475	0	0	0	0.362	0	0	0.563	0.840
PA0628	PA0629	208964.PA0628	208964.PA0629	0.712	0	0	0	0.770	0	0	0.810	0.986
PA0629	prtN	208964.PA0629	208964.PA0610	0	0	0	0	0.136	0	0	0.585	0.626
PA0629	PA0641	208964.PA0629	208964.PA0641	0.378	0	0	0	0.864	0	0	0	0.912
PA0629	PA0637	208964.PA0629	208964.PA0637	0.391	0	0	0	0.864	0	0	0	0.913
PA0629	PA0638	208964.PA0629	208964.PA0638	0.394	0	0	0	0.862	0	0	0	0.913
PA0629	PA0635	208964.PA0629	208964.PA0635	0.470	0	0	0	0.859	0	0	0	0.922
PA0629	PA0636	208964.PA0629	208964.PA0636	0.481	0	0	0	0.864	0	0	0	0.926
PA0629	PA0633	208964.PA0629	208964.PA0633	0.545	0	0	0	0.850	0	0	0	0.928
PA0629	PA0634	208964.PA0629	208964.PA0634	0.531	0	0	0	0.863	0	0	0	0.933
PA0633	prtN	208964.PA0633	208964.PA0610	0	0	0	0	0.126	0	0	0.769	0.789
PA0633	PA4336	208964.PA0633	208964.PA4336	0	0	0	0	0	0	0	0.589	0.589
PA0633	PA0641	208964.PA0633	208964.PA0641	0.356	0	0	0	0.860	0	0	0.390	0.940
PA0633	PA0637	208964.PA0633	208964.PA0637	0.590	0	0	0	0.864	0	0	0	0.942
PA0633	PA0638	208964.PA0633	208964.PA0638	0.568	0	0	0	0.904	0	0	0.125	0.960
PA0633	PA0636	208964.PA0633	208964.PA0636	0.550	0	0	0	0.918	0	0	0.499	0.979
PA0633	PA0634	208964.PA0633	208964.PA0634	0.785	0	0	0	0.918	0	0	0	0.981
PA0633	PA0635	208964.PA0633	208964.PA0635	0.707	0	0	0	0.946	0	0	0.130	0.985
PA0634	PA5446	208964.PA0634	208964.PA5446	0	0	0	0	0	0	0	0.417	0.416
PA0634	PA4463	208964.PA0634	208964.PA4463	0	0	0	0	0	0	0	0.494	0.493
PA0634	PA0641	208964.PA0634	208964.PA0641	0.352	0	0	0	0.864	0	0	0.353	0.938
PA0634	PA0636	208964.PA0634	208964.PA0636	0.562	0	0	0	0.888	0	0	0	0.949
PA0634	PA0637	208964.PA0634	208964.PA0637	0.558	0	0	0	0.932	0	0	0	0.968
PA0634	PA0638	208964.PA0634	208964.PA0638	0.555	0	0	0	0.894	0	0	0.493	0.974
PA0634	PA0635	208964.PA0634	208964.PA0635	0.681	0	0	0	0.918	0	0	0.494	0.985
PA0635	PA4463	208964.PA0635	208964.PA4463	0	0	0	0	0	0	0	0.497	0.497
PA0635	PA0641	208964.PA0635	208964.PA0641	0.392	0	0	0	0.894	0	0	0.083	0.935
PA0635	PA0637	208964.PA0635	208964.PA0637	0.626	0	0	0	0.877	0	0	0	0.952
PA0635	PA0636	208964.PA0635	208964.PA0636	0.630	0	0	0	0.907	0	0	0	0.964
PA0635	PA0638	208964.PA0635	208964.PA0638	0.632	0	0	0	0.955	0	0	0.590	0.992
PA0636	prtN	208964.PA0636	208964.PA0610	0	0	0	0	0.104	0	0	0.493	0.526
PA0636	PA0641	208964.PA0636	208964.PA0641	0.550	0	0.654	0	0.873	0	0	0	0.978
PA0636	PA0638	208964.PA0636	208964.PA0638	0.806	0	0.548	0	0.928	0	0	0.045	0.993
PA0636	PA0637	208964.PA0636	208964.PA0637	0.806	0	0.549	0	0.923	0	0	0.097	0.993
PA0637	PA0641	208964.PA0637	208964.PA0641	0.550	0	0.774	0	0.906	0	0	0	0.989
PA0637	PA0638	208964.PA0637	208964.PA0638	0.806	0	0.774	0	0.894	0	0	0.045	0.995
PA0638	PA5446	208964.PA0638	208964.PA5446	0	0	0	0	0	0	0	0.418	0.418
PA0638	PA0641	208964.PA0638	208964.PA0641	0.550	0	0.774	0	0.911	0	0	0.353	0.993
PA0641	PA4336	208964.PA0641	208964.PA4336	0	0	0	0	0	0	0	0.423	0.422
PA0713	PA3309	208964.PA0713	208964.PA3309	0	0	0	0	0.097	0	0	0.415	0.449
PA0713	PA1746	208964.PA0713	208964.PA1746	0	0	0	0	0.205	0	0	0.500	0.585
PA0713	PA5446	208964.PA0713	208964.PA5446	0	0	0	0	0.074	0	0	0.593	0.607
PA0713	PA3572	208964.PA0713	208964.PA3572	0	0	0	0	0.106	0	0	0.770	0.785
PA0907	rpoD	208964.PA0907	208964.PA0576	0	0	0	0	0	0.800	0	0	0.800
PA0907	rpoC	208964.PA0907	208964.PA4269	0	0	0	0	0	0.900	0	0	0.900
PA0907	rpoB	208964.PA0907	208964.PA4270	0	0	0	0	0	0.900	0	0	0.900
PA0922	recN	208964.PA0922	208964.PA4763	0	0	0	0	0.422	0	0	0.177	0.503
PA0922	recA	208964.PA0922	208964.PA3617	0	0	0	0	0.477	0	0	0.301	0.618
PA0922	lexA	208964.PA0922	208964.PA3007	0	0	0	0	0.707	0	0	0	0.707
PA1029	PA1030	208964.PA1029	208964.PA1030	0.564	0	0.774	0	0.728	0	0	0.883	0.996
PA1041	ftsZ	208964.PA1041	208964.PA4407	0.053	0	0.151	0	0.283	0	0	0.097	0.410
PA1041	pdhA	208964.PA1041	208964.PA3417	0	0	0	0	0.475	0	0	0	0.475
PA1041	PA4925	208964.PA1041	208964.PA4925	0.061	0	0	0	0.462	0	0	0.048	0.477
PA1041	ldh	208964.PA1041	208964.PA3418	0	0	0	0	0.480	0	0	0	0.480
PA1041	deaD	208964.PA1041	208964.PA2840	0	0	0	0	0	0	0	0.493	0.493
PA1041	PA5178	208964.PA1041	208964.PA5178	0.061	0	0	0	0.542	0	0	0	0.551
PA1041	cspD	208964.PA1041	208964.PA2622	0	0	0	0	0.649	0	0	0.061	0.656
PA1041	PA3415	208964.PA1041	208964.PA3415	0	0	0	0	0.468	0	0	0.589	0.772
PA1041	PA3723	208964.PA1041	208964.PA3723	0	0	0	0	0.843	0	0	0	0.843
PA1041	PA4607	208964.PA1041	208964.PA4607	0	0	0	0	0.861	0	0	0	0.861
PA1058	rpmJ	208964.PA1058	208964.PA4242	0	0	0	0	0	0	0	0.410	0.410
PA1058	nuoL	208964.PA1058	208964.PA2647	0.123	0	0	0	0.136	0.783	0	0.171	0.845
PA1340	ansB	208964.PA1340	208964.PA1337	0.431	0	0.160	0	0.858	0	0	0.134	0.933
PA1340	ggt	208964.PA1340	208964.PA1338	0.561	0	0	0	0.864	0	0	0.170	0.946
PA1340	PA1342	208964.PA1340	208964.PA1342	0.526	0	0.758	0	0.799	0.092	0.800	0.697	0.998
PA1342	ansB	208964.PA1342	208964.PA1337	0.268	0	0.172	0	0.665	0	0	0.427	0.868
PA1342	ggt	208964.PA1342	208964.PA1338	0.341	0	0	0	0.662	0	0	0.094	0.780
PA1440	PA5285	208964.PA1440	208964.PA5285	0	0	0.419	0	0	0	0	0	0.419
PA1440	PA3966	208964.PA1440	208964.PA3966	0	0	0.415	0	0.052	0	0	0	0.421
PA1440	sulA	208964.PA1440	208964.PA3008	0	0	0.422	0	0	0	0	0	0.422
PA1550	purF	208964.PA1550	208964.PA3108	0	0	0	0	0	0	0	0.413	0.412
PA1550	oprG	208964.PA1550	208964.PA4067	0	0	0	0	0.420	0	0	0.050	0.425
PA1550	PA3966	208964.PA1550	208964.PA3966	0	0	0.709	0	0	0	0	0	0.709
PA1550	ccoO2	208964.PA1550	208964.PA1556	0.312	0	0.300	0	0.446	0	0	0	0.710
PA1550	ccoP2	208964.PA1550	208964.PA1555	0.386	0	0.680	0	0.481	0	0	0	0.889
PA1746	ackA	208964.PA1746	208964.PA0836	0	0	0	0	0.478	0	0	0	0.478
PA1746	ccoP2	208964.PA1746	208964.PA1555	0	0	0	0	0.461	0	0	0	0.461
PA1746	ccoO2	208964.PA1746	208964.PA1556	0	0	0	0	0.460	0	0	0.493	0.714
PA1746	PA2501	208964.PA1746	208964.PA2501	0	0	0	0	0.449	0	0	0	0.449
PA1746	PA2119	208964.PA1746	208964.PA2119	0	0	0	0	0.461	0	0	0	0.461
PA1746	arcA	208964.PA1746	208964.PA5171	0	0	0	0	0.479	0	0	0	0.479
PA1746	arcB	208964.PA1746	208964.PA5172	0.057	0	0	0	0.477	0	0	0	0.485
PA1746	arcD	208964.PA1746	208964.PA5170	0	0	0.168	0	0.458	0	0	0	0.529
PA1746	arcC	208964.PA1746	208964.PA5173	0	0	0	0	0.563	0	0	0	0.563
PA1746	PA2753	208964.PA1746	208964.PA2753	0	0	0	0	0.609	0	0	0	0.609
PA1746	PA1789	208964.PA1746	208964.PA1789	0	0	0	0	0.710	0	0	0	0.710
PA1746	PA3613	208964.PA1746	208964.PA3613	0	0	0	0	0.720	0	0	0	0.720
PA1746	ccpR	208964.PA1746	208964.PA4587	0	0	0	0	0.730	0	0	0	0.730
PA1746	oprG	208964.PA1746	208964.PA4067	0	0	0	0	0.705	0	0	0.188	0.750
PA1746	PA4577	208964.PA1746	208964.PA4577	0	0	0	0	0.707	0	0	0.251	0.771
PA1746	PA4352	208964.PA1746	208964.PA4352	0	0	0	0	0.789	0	0	0	0.789
PA1746	PA3309	208964.PA1746	208964.PA3309	0	0	0	0	0.859	0	0	0	0.859
PA1746	adhA	208964.PA1746	208964.PA5427	0	0	0	0	0.841	0	0	0.353	0.892
PA1746	PA3572	208964.PA1746	208964.PA3572	0	0	0	0	0.770	0	0	0.562	0.894
PA1746	PA5475	208964.PA1746	208964.PA5475	0	0	0	0	0.843	0	0	0.768	0.962
PA1789	ackA	208964.PA1789	208964.PA0836	0.064	0	0	0	0.746	0	0	0	0.752
PA1789	ccoO2	208964.PA1789	208964.PA1556	0.078	0	0	0	0.459	0	0	0.061	0.490
PA1789	arcC	208964.PA1789	208964.PA5173	0	0	0	0	0.449	0	0	0	0.449
PA1789	PA5285	208964.PA1789	208964.PA5285	0	0	0.450	0	0	0	0	0	0.450
PA1789	arcB	208964.PA1789	208964.PA5172	0	0	0	0	0.458	0	0	0.049	0.462
PA1789	PA3615	208964.PA1789	208964.PA3615	0.055	0	0	0	0.471	0	0	0.043	0.479
PA1789	arcA	208964.PA1789	208964.PA5171	0	0	0	0	0.498	0	0	0.045	0.501
PA1789	katA	208964.PA1789	208964.PA4236	0	0	0	0	0.510	0	0	0.074	0.527
PA1789	azu	208964.PA1789	208964.PA4922	0	0	0	0	0.528	0	0	0	0.528
PA1789	ccpR	208964.PA1789	208964.PA4587	0	0	0	0	0.621	0	0	0	0.621
PA1789	sulA	208964.PA1789	208964.PA3008	0	0	0.638	0	0	0	0	0	0.638
PA1789	PA4463	208964.PA1789	208964.PA4463	0	0	0	0	0.610	0	0	0.112	0.639
PA1789	PA2119	208964.PA1789	208964.PA2119	0.045	0	0	0	0.674	0	0	0.045	0.676
PA1789	PA2753	208964.PA1789	208964.PA2753	0	0	0	0	0.752	0	0	0	0.752
PA1789	PA3613	208964.PA1789	208964.PA3613	0.070	0	0	0	0.746	0	0	0	0.753
PA1789	arcD	208964.PA1789	208964.PA5170	0.051	0	0	0	0.768	0	0	0	0.770
PA1789	PA2501	208964.PA1789	208964.PA2501	0	0	0	0	0.773	0	0	0	0.773
PA1789	PA4611	208964.PA1789	208964.PA4611	0	0	0	0	0.777	0	0	0	0.777
PA1789	PA5475	208964.PA1789	208964.PA5475	0.059	0	0	0	0.772	0	0	0.061	0.780
PA1789	adhA	208964.PA1789	208964.PA5427	0	0	0	0	0.791	0	0	0.041	0.791
PA1789	PA4577	208964.PA1789	208964.PA4577	0.054	0	0	0	0.804	0	0	0.079	0.814
PA1789	oprG	208964.PA1789	208964.PA4067	0.057	0	0.195	0	0.778	0	0	0.095	0.827
PA1789	PA3572	208964.PA1789	208964.PA3572	0	0	0	0	0.841	0	0	0	0.841
PA1789	PA4352	208964.PA1789	208964.PA4352	0	0	0	0	0.855	0	0	0.700	0.954
PA1789	PA3309	208964.PA1789	208964.PA3309	0	0	0	0	0.872	0	0	0.778	0.970
PA2119	ackA	208964.PA2119	208964.PA0836	0.042	0	0.200	0	0.486	0	0	0.376	0.721
PA2119	PA3309	208964.PA2119	208964.PA3309	0.045	0	0	0	0.464	0	0	0.045	0.468
PA2119	oprG	208964.PA2119	208964.PA4067	0	0	0	0	0.480	0	0	0.043	0.481
PA2119	PA3572	208964.PA2119	208964.PA3572	0	0	0	0	0.490	0	0	0	0.489
PA2119	arcD	208964.PA2119	208964.PA5170	0	0	0	0	0.268	0	0	0.420	0.557
PA2119	PA3613	208964.PA2119	208964.PA3613	0.060	0	0.236	0	0.513	0	0	0.053	0.624
PA2119	PA4610	208964.PA2119	208964.PA4610	0	0	0	0	0.657	0	0	0	0.657
PA2119	PA2753	208964.PA2119	208964.PA2753	0	0	0	0	0.667	0	0	0	0.667
PA2119	ccpR	208964.PA2119	208964.PA4587	0	0	0	0	0.477	0	0	0.416	0.682
PA2119	PA4352	208964.PA2119	208964.PA4352	0.045	0	0	0	0.747	0	0	0.045	0.749
PA2119	PA4577	208964.PA2119	208964.PA4577	0	0	0	0	0.765	0	0	0	0.765
PA2119	PA5475	208964.PA2119	208964.PA5475	0	0	0	0	0.788	0	0	0	0.788
PA2119	adhA	208964.PA2119	208964.PA5427	0.065	0	0.181	0.646	0.743	0.092	0	0.190	0.829
PA2224	vqsM	208964.PA2224	208964.PA2227	0.323	0	0	0	0.453	0	0	0.493	0.795
PA2224	PA2225	208964.PA2224	208964.PA2225	0.423	0	0	0	0.491	0	0	0.856	0.954
PA2224	PA2226	208964.PA2224	208964.PA2226	0.361	0	0	0	0.478	0	0	0.881	0.956
PA2225	vqsM	208964.PA2225	208964.PA2227	0.551	0	0	0	0.720	0	0	0.411	0.919
PA2225	PA2226	208964.PA2225	208964.PA2226	0.636	0	0	0	0.777	0	0	0.882	0.989
PA2226	vqsM	208964.PA2226	208964.PA2227	0.664	0	0	0	0.720	0	0	0.324	0.931
PA2482	ccoO2	208964.PA2482	208964.PA1556	0.070	0	0	0	0.179	0.395	0	0.106	0.531
PA2482	PA5491	208964.PA2482	208964.PA5491	0.105	0	0.371	0	0	0	0	0.121	0.461
PA2501	ackA	208964.PA2501	208964.PA0836	0	0	0	0	0.479	0	0	0	0.479
PA2501	PA4610	208964.PA2501	208964.PA4610	0	0	0	0	0.413	0	0	0	0.412
PA2501	oprG	208964.PA2501	208964.PA4067	0	0	0	0	0.476	0	0	0	0.476
PA2501	arcD	208964.PA2501	208964.PA5170	0	0	0	0	0.480	0	0	0	0.480
PA2501	PA5475	208964.PA2501	208964.PA5475	0	0	0	0	0.481	0	0	0	0.481
PA2501	PA4352	208964.PA2501	208964.PA4352	0	0	0	0	0.573	0	0	0	0.573
PA2501	PA2753	208964.PA2501	208964.PA2753	0	0	0	0	0.613	0	0	0	0.613
PA2501	PA4577	208964.PA2501	208964.PA4577	0	0	0	0	0.692	0	0	0	0.692
PA2501	PA3572	208964.PA2501	208964.PA3572	0	0	0	0	0.736	0	0	0	0.736
PA2501	PA3309	208964.PA2501	208964.PA3309	0	0	0	0	0.759	0	0	0	0.759
PA2501	PA4611	208964.PA2501	208964.PA4611	0	0	0	0	0.778	0	0	0	0.778
PA2536	PA4487	208964.PA2536	208964.PA4487	0	0	0	0	0.406	0	0	0	0.406
PA2536	PA4489	208964.PA2536	208964.PA4489	0	0	0	0	0.488	0	0	0	0.487
PA2536	PA2539	208964.PA2536	208964.PA2539	0.796	0	0.731	0	0.756	0	0	0	0.985
PA2536	PA2537	208964.PA2536	208964.PA2537	0.806	0	0.774	0	0.858	0	0	0	0.993
PA2537	clpV1	208964.PA2537	208964.PA0090	0.058	0	0.151	0	0.483	0	0	0	0.550
PA2537	PA4489	208964.PA2537	208964.PA4489	0	0	0	0	0.692	0.079	0	0	0.704
PA2537	PA2539	208964.PA2537	208964.PA2539	0.796	0	0.645	0	0.613	0.079	0	0.075	0.971
PA2539	PA3731	208964.PA2539	208964.PA3731	0	0	0.409	0	0	0	0	0	0.409
PA2539	PA3729	208964.PA2539	208964.PA3729	0	0	0.454	0	0.076	0	0	0	0.473
PA2539	PA3850	208964.PA2539	208964.PA3850	0	0	0	0	0.068	0	0	0.589	0.600
PA2539	PA4489	208964.PA2539	208964.PA4489	0	0	0	0	0.416	0.082	0	0.365	0.630
PA2539	PA4611	208964.PA2539	208964.PA4611	0	0	0	0	0	0	0	0.691	0.691
PA2753	ackA	208964.PA2753	208964.PA0836	0	0	0	0	0.765	0	0	0	0.765
PA2753	PA4611	208964.PA2753	208964.PA4611	0	0	0	0	0.458	0	0	0	0.457
PA2753	adhA	208964.PA2753	208964.PA5427	0	0	0	0	0.476	0	0	0	0.476
PA2753	PA3309	208964.PA2753	208964.PA3309	0	0	0	0	0.476	0	0	0	0.476
PA2753	PA3613	208964.PA2753	208964.PA3613	0	0	0	0	0.492	0	0	0	0.491
PA2753	PA4610	208964.PA2753	208964.PA4610	0	0	0	0	0.670	0	0	0	0.670
PA2753	PA4352	208964.PA2753	208964.PA4352	0	0	0	0	0.755	0	0	0	0.755
PA2753	PA4577	208964.PA2753	208964.PA4577	0	0	0	0	0.761	0	0	0	0.761
PA2753	PA3572	208964.PA2753	208964.PA3572	0	0	0	0	0.766	0	0	0	0.766
PA2753	PA5475	208964.PA2753	208964.PA5475	0	0	0	0	0.772	0	0	0	0.772
PA3021	PA4489	208964.PA3021	208964.PA4489	0.061	0	0	0	0.476	0	0	0	0.486
PA3309	ackA	208964.PA3309	208964.PA0836	0.064	0	0	0	0.597	0	0	0.128	0.642
PA3309	ccoP2	208964.PA3309	208964.PA1555	0.058	0	0	0	0.588	0	0	0	0.595
PA3309	ccoO2	208964.PA3309	208964.PA1556	0.066	0	0	0	0.618	0	0	0.061	0.636
PA3309	PA5446	208964.PA3309	208964.PA5446	0	0	0	0	0.068	0	0	0.411	0.427
PA3309	PA4463	208964.PA3309	208964.PA4463	0	0	0	0	0.451	0	0	0.112	0.491
PA3309	PA4611	208964.PA3309	208964.PA4611	0	0	0	0	0.621	0	0	0	0.621
PA3309	ccpR	208964.PA3309	208964.PA4587	0	0	0	0	0.625	0	0	0	0.625
PA3309	azu	208964.PA3309	208964.PA4922	0	0	0	0	0.644	0	0	0	0.644
PA3309	arcB	208964.PA3309	208964.PA5172	0	0	0	0	0.674	0	0	0.182	0.722
PA3309	arcA	208964.PA3309	208964.PA5171	0	0	0	0	0.747	0	0	0.045	0.748
PA3309	arcD	208964.PA3309	208964.PA5170	0.051	0	0	0	0.764	0	0	0	0.766
PA3309	arcC	208964.PA3309	208964.PA5173	0	0	0	0	0.652	0	0	0.388	0.777
PA3309	PA3613	208964.PA3309	208964.PA3613	0.070	0	0	0	0.784	0	0	0	0.790
PA3309	PA4610	208964.PA3309	208964.PA4610	0	0	0	0	0.340	0	0	0.697	0.791
PA3309	PA4577	208964.PA3309	208964.PA4577	0.054	0	0	0	0.797	0	0	0.079	0.807
PA3309	PA5475	208964.PA3309	208964.PA5475	0.059	0	0	0	0.812	0	0	0	0.815
PA3309	adhA	208964.PA3309	208964.PA5427	0	0	0	0	0.864	0	0	0.179	0.884
PA3309	oprG	208964.PA3309	208964.PA4067	0.057	0	0	0	0.882	0	0	0.190	0.902
PA3309	PA3572	208964.PA3309	208964.PA3572	0	0	0	0	0.857	0	0	0.752	0.963
PA3309	PA4352	208964.PA3309	208964.PA4352	0	0	0.601	0	0.872	0	0	0.887	0.993
PA3334	fabI	208964.PA3334	208964.PA1806	0.088	0	0	0	0.303	0.418	0	0.138	0.638
PA3334	nuoF	208964.PA3334	208964.PA2641	0	0	0	0	0.141	0.563	0.178	0.101	0.685
PA3334	nuoG	208964.PA3334	208964.PA2642	0	0	0	0	0.149	0.467	0.172	0.096	0.615
PA3334	nuoH	208964.PA3334	208964.PA2643	0	0	0	0	0.053	0.563	0.388	0	0.724
PA3334	nuoI	208964.PA3334	208964.PA2644	0	0	0	0	0.318	0.430	0.228	0.096	0.692
PA3334	nuoM	208964.PA3334	208964.PA2648	0	0	0	0	0.065	0.563	0.388	0	0.728
PA3334	rplT	208964.PA3334	208964.PA2741	0	0	0	0	0.500	0.427	0	0.081	0.713
PA3334	rpmF	208964.PA3334	208964.PA2970	0.088	0	0	0	0.513	0.427	0	0.074	0.732
PA3334	rpsL	208964.PA3334	208964.PA4268	0	0	0	0	0.349	0	0	0.121	0.403
PA3334	rpsP	208964.PA3334	208964.PA3745	0.088	0	0	0	0.383	0	0	0	0.413
PA3334	rpsM	208964.PA3334	208964.PA4241	0	0	0	0	0.362	0	0	0.128	0.419
PA3334	PA5470	208964.PA3334	208964.PA5470	0.049	0	0	0	0.194	0.317	0	0	0.430
PA3334	recA	208964.PA3334	208964.PA3617	0.082	0	0	0	0	0.233	0.196	0.138	0.446
PA3334	rplD	208964.PA3334	208964.PA4262	0.043	0	0	0	0.116	0.373	0	0.083	0.448
PA3334	phzS	208964.PA3334	208964.PA4217	0	0	0	0	0.420	0.084	0	0.053	0.452
PA3334	rpmB	208964.PA3334	208964.PA5316	0.088	0	0	0	0.514	0	0	0	0.537
PA3334	rplI	208964.PA3334	208964.PA4932	0.084	0	0	0	0.211	0.427	0	0	0.549
PA3334	atpG	208964.PA3334	208964.PA5555	0.063	0	0	0	0.518	0.093	0	0.053	0.560
PA3334	rpmJ	208964.PA3334	208964.PA4242	0	0	0	0	0.357	0.377	0	0.044	0.583
PA3334	rpmA	208964.PA3334	208964.PA4567	0.053	0	0	0	0.306	0.427	0	0	0.590
PA3334	rplS	208964.PA3334	208964.PA3742	0.088	0	0	0	0.382	0.427	0	0	0.648
PA3334	rplU	208964.PA3334	208964.PA4568	0.053	0	0	0	0.522	0.556	0	0.119	0.799
PA3415	lpdG	208964.PA3415	208964.PA1587	0.073	0.046	0.535	0	0.407	0.404	0.918	0.098	0.986
PA3415	nuoF	208964.PA3415	208964.PA2641	0	0	0	0	0.376	0.090	0	0.152	0.477
PA3415	nuoG	208964.PA3415	208964.PA2642	0	0	0	0	0.410	0.091	0	0.096	0.473
PA3415	PA3723	208964.PA3415	208964.PA3723	0	0	0	0	0.473	0	0	0	0.473
PA3415	fumC1	208964.PA3415	208964.PA4470	0	0	0	0	0.298	0.091	0	0.306	0.519
PA3415	prs	208964.PA3415	208964.PA4670	0	0	0	0	0.197	0.389	0.450	0.143	0.737
PA3415	ldh	208964.PA3415	208964.PA3418	0.485	0	0.153	0	0.583	0	0	0.222	0.840
PA3415	leuA	208964.PA3415	208964.PA3792	0	0	0	0	0.044	0	0.900	0.098	0.906
PA3415	pdhA	208964.PA3415	208964.PA3417	0.745	0	0.774	0	0.928	0.321	0.920	0.857	0.999
PA3559	arnF	208964.PA3559	208964.PA3558	0.788	0	0	0	0.913	0	0	0.096	0.981
PA3572	ackA	208964.PA3572	208964.PA0836	0	0	0	0	0.492	0	0	0	0.491
PA3572	arcA	208964.PA3572	208964.PA5171	0	0	0	0	0.446	0	0	0	0.446
PA3572	ccpR	208964.PA3572	208964.PA4587	0	0	0	0	0.458	0	0	0	0.457
PA3572	PA3613	208964.PA3572	208964.PA3613	0	0	0	0	0.490	0	0	0	0.489
PA3572	PA5446	208964.PA3572	208964.PA5446	0	0	0	0	0.097	0	0	0.589	0.613
PA3572	arcD	208964.PA3572	208964.PA5170	0	0	0	0	0.619	0	0	0	0.619
PA3572	PA4611	208964.PA3572	208964.PA4611	0	0	0	0	0.629	0	0	0	0.629
PA3572	oprG	208964.PA3572	208964.PA4067	0	0	0	0	0.684	0	0	0	0.684
PA3572	PA4352	208964.PA3572	208964.PA4352	0	0	0	0	0.730	0	0	0	0.730
PA3572	adhA	208964.PA3572	208964.PA5427	0	0	0	0	0.733	0	0	0	0.733
PA3572	PA4577	208964.PA3572	208964.PA4577	0	0	0	0	0.773	0	0	0	0.773
PA3572	PA5475	208964.PA3572	208964.PA5475	0	0	0	0	0.777	0	0	0	0.777
PA3572	PA4610	208964.PA3572	208964.PA4610	0	0	0	0	0.492	0	0	0.767	0.876
PA3613	ackA	208964.PA3613	208964.PA0836	0.186	0	0.400	0	0.750	0	0	0.250	0.896
PA3613	ccoP2	208964.PA3613	208964.PA1555	0	0	0	0	0.491	0	0	0.049	0.495
PA3613	ccoO2	208964.PA3613	208964.PA1556	0	0	0	0	0.588	0	0	0	0.588
PA3613	arcB	208964.PA3613	208964.PA5172	0	0	0	0	0.422	0	0	0	0.422
PA3613	arcA	208964.PA3613	208964.PA5171	0	0	0	0	0.449	0	0	0	0.449
PA3613	arcC	208964.PA3613	208964.PA5173	0	0	0	0	0.481	0	0	0	0.481
PA3613	PA3615	208964.PA3613	208964.PA3615	0.470	0	0	0	0.235	0	0	0	0.577
PA3613	arcD	208964.PA3613	208964.PA5170	0	0	0	0	0.613	0	0	0	0.613
PA3613	rimM	208964.PA3613	208964.PA3744	0	0	0	0	0	0	0	0.700	0.700
PA3613	ccpR	208964.PA3613	208964.PA4587	0	0	0	0	0.741	0	0	0	0.741
PA3613	oprG	208964.PA3613	208964.PA4067	0	0	0	0	0.743	0	0	0	0.743
PA3613	PA4577	208964.PA3613	208964.PA4577	0	0	0.353	0	0.660	0	0	0	0.770
PA3613	PA5475	208964.PA3613	208964.PA5475	0.057	0	0	0	0.773	0	0	0	0.776
PA3613	PA4352	208964.PA3613	208964.PA4352	0.070	0	0	0	0.861	0	0	0	0.865
PA3613	adhA	208964.PA3613	208964.PA5427	0.101	0	0	0	0.860	0	0	0.100	0.877
PA3615	PA4611	208964.PA3615	208964.PA4611	0	0	0	0	0.458	0	0	0	0.457
PA3615	PA4463	208964.PA3615	208964.PA4463	0	0	0	0	0.479	0	0	0	0.479
PA3723	cspD	208964.PA3723	208964.PA2622	0	0	0	0	0.493	0	0	0	0.493
PA3723	pdhA	208964.PA3723	208964.PA3417	0	0	0	0	0.635	0	0	0	0.635
PA3723	ldh	208964.PA3723	208964.PA3418	0	0	0	0	0.757	0	0	0	0.757
PA3723	PA4607	208964.PA3723	208964.PA4607	0	0	0	0	0.738	0	0	0	0.738
PA3729	clpV1	208964.PA3729	208964.PA0090	0	0	0	0	0.604	0	0	0	0.604
PA3729	PA3732	208964.PA3729	208964.PA3732	0.580	0	0.642	0	0.490	0	0	0.883	0.989
PA3729	PA3731	208964.PA3729	208964.PA3731	0.594	0	0.670	0	0.716	0	0	0.885	0.995
PA3731	PA3732	208964.PA3731	208964.PA3732	0.783	0	0.774	0	0.927	0	0	0.892	0.999
PA3850	PA4489	208964.PA3850	208964.PA4489	0	0	0	0	0.225	0	0	0.321	0.451
PA3850	PA4611	208964.PA3850	208964.PA4611	0	0	0	0	0	0	0	0.589	0.589
PA3966	ccoP2	208964.PA3966	208964.PA1555	0	0	0.471	0	0	0	0	0	0.471
PA3966	PA5285	208964.PA3966	208964.PA5285	0	0	0.423	0	0	0	0	0	0.423
PA4111	ampC	208964.PA4111	208964.PA4110	0.620	0	0	0	0.812	0	0	0	0.925
PA4336	PA5178	208964.PA4336	208964.PA5178	0	0	0	0	0.379	0	0	0.075	0.401
PA4352	ackA	208964.PA4352	208964.PA0836	0.064	0	0	0	0.772	0	0	0.242	0.824
PA4352	ccoP2	208964.PA4352	208964.PA1555	0.063	0	0	0	0.549	0	0	0.170	0.618
PA4352	ccoO2	208964.PA4352	208964.PA1556	0.078	0	0	0	0.643	0	0	0.061	0.664
PA4352	oprG	208964.PA4352	208964.PA4067	0.057	0	0	0	0.805	0	0	0.294	0.859
PA4352	PA4610	208964.PA4352	208964.PA4610	0	0	0	0	0.461	0	0	0	0.461
PA4352	PA4463	208964.PA4352	208964.PA4463	0	0	0	0	0.434	0	0	0.112	0.476
PA4352	arcA	208964.PA4352	208964.PA5171	0	0	0	0	0.487	0	0	0.045	0.489
PA4352	PA4611	208964.PA4352	208964.PA4611	0	0	0	0	0.491	0	0	0	0.491
PA4352	arcB	208964.PA4352	208964.PA5172	0	0	0	0	0.459	0	0	0.195	0.546
PA4352	arcC	208964.PA4352	208964.PA5173	0	0	0	0	0.477	0	0	0.320	0.629
PA4352	arcD	208964.PA4352	208964.PA5170	0.051	0	0	0	0.629	0	0	0.411	0.774
PA4352	ccpR	208964.PA4352	208964.PA4587	0	0	0	0	0.827	0	0	0	0.827
PA4352	PA5475	208964.PA4352	208964.PA5475	0.059	0	0	0	0.862	0	0	0	0.864
PA4352	PA4577	208964.PA4352	208964.PA4577	0.054	0	0	0	0.872	0	0	0.079	0.879
PA4352	adhA	208964.PA4352	208964.PA5427	0	0	0	0	0.868	0	0	0.137	0.882
PA4463	rpsU	208964.PA4463	208964.PA0579	0.186	0	0	0	0.047	0.806	0	0.231	0.868
PA4463	ackA	208964.PA4463	208964.PA0836	0	0	0	0	0.495	0	0	0.231	0.595
PA4463	hupB	208964.PA4463	208964.PA1804	0.061	0	0	0	0.353	0	0	0.139	0.431
PA4463	cspD	208964.PA4463	208964.PA2622	0.088	0	0	0	0.481	0	0	0.132	0.553
PA4463	rplT	208964.PA4463	208964.PA2741	0.060	0	0	0	0.049	0.806	0	0.075	0.818
PA4463	rpmI	208964.PA4463	208964.PA2742	0.063	0	0.190	0	0.084	0.806	0	0	0.847
PA4463	oprI	208964.PA4463	208964.PA2853	0	0	0	0	0.462	0	0	0	0.461
PA4463	rpmF	208964.PA4463	208964.PA2970	0	0	0	0	0.044	0.806	0	0.099	0.818
PA4463	recA	208964.PA4463	208964.PA3617	0.180	0	0	0	0.177	0	0	0.239	0.441
PA4463	rpsB	208964.PA4463	208964.PA3656	0	0	0	0	0.052	0.806	0.540	0	0.908
PA4463	rplS	208964.PA4463	208964.PA3742	0.068	0	0	0	0.046	0.806	0	0	0.812
PA4463	rpsP	208964.PA4463	208964.PA3745	0	0	0	0	0	0.806	0	0.170	0.832
PA4463	rpsK	208964.PA4463	208964.PA4240	0	0	0	0	0.066	0.806	0.540	0	0.909
PA4463	rpsM	208964.PA4463	208964.PA4241	0	0	0	0	0.082	0.806	0	0	0.814
PA4463	rpmJ	208964.PA4463	208964.PA4242	0	0	0	0	0.078	0.805	0	0	0.812
PA4463	rplD	208964.PA4463	208964.PA4262	0	0	0	0	0.053	0.806	0	0.075	0.815
PA4463	rpsL	208964.PA4463	208964.PA4268	0	0	0	0	0.072	0.806	0	0.154	0.834
PA4463	rpsI	208964.PA4463	208964.PA4432	0.075	0	0	0	0.048	0.806	0.540	0.238	0.929
PA4463	azu	208964.PA4463	208964.PA4922	0	0	0	0	0.609	0	0	0	0.609
PA4463	PA4611	208964.PA4463	208964.PA4611	0	0	0	0	0.619	0	0	0.055	0.624
PA4463	rplU	208964.PA4463	208964.PA4568	0.089	0	0	0	0.087	0.806	0	0	0.824
PA4463	rpmB	208964.PA4463	208964.PA5316	0.172	0	0	0	0.052	0.806	0	0	0.834
PA4463	rplI	208964.PA4463	208964.PA4932	0.150	0	0	0	0.106	0.806	0	0	0.839
PA4463	rpmA	208964.PA4463	208964.PA4567	0.065	0	0	0	0.048	0.806	0	0.241	0.851
PA4463	rpsF	208964.PA4463	208964.PA4935	0	0	0	0	0.042	0.806	0.540	0	0.907
PA4463	rpsR	208964.PA4463	208964.PA4934	0	0	0	0	0.042	0.806	0.540	0	0.907
PA4487	clpV1	208964.PA4487	208964.PA0090	0	0	0	0	0.568	0	0	0	0.568
PA4487	PA4488	208964.PA4487	208964.PA4488	0.806	0	0	0	0.723	0	0	0.668	0.980
PA4487	PA4489	208964.PA4487	208964.PA4489	0.806	0	0.773	0	0.789	0	0	0.882	0.998
PA4488	PA4489	208964.PA4488	208964.PA4489	0.806	0	0	0	0.521	0	0	0.693	0.969
PA4489	clpV1	208964.PA4489	208964.PA0090	0.053	0	0	0	0.738	0	0	0	0.741
PA4489	PA4611	208964.PA4489	208964.PA4611	0	0	0	0	0	0	0	0.810	0.810
PA4504	PA4506	208964.PA4504	208964.PA4506	0.666	0.685	0.774	0	0.961	0	0.800	0.225	0.999
PA4577	rpoD	208964.PA4577	208964.PA0576	0	0	0	0	0	0.397	0	0.164	0.474
PA4577	ackA	208964.PA4577	208964.PA0836	0	0	0	0	0.745	0	0	0	0.745
PA4577	ccoP2	208964.PA4577	208964.PA1555	0	0	0	0	0.459	0	0	0	0.459
PA4577	ccoO2	208964.PA4577	208964.PA1556	0	0	0	0	0.511	0	0	0.190	0.587
PA4577	oprG	208964.PA4577	208964.PA4067	0	0	0.182	0	0.741	0	0	0.132	0.800
PA4577	rpoC	208964.PA4577	208964.PA4269	0	0	0	0	0.042	0.592	0	0.158	0.642
PA4577	rpoB	208964.PA4577	208964.PA4270	0	0	0	0	0.062	0.501	0	0.139	0.561
PA4577	rplU	208964.PA4577	208964.PA4568	0.093	0	0	0	0.380	0	0	0	0.413
PA4577	ccpR	208964.PA4577	208964.PA4587	0	0	0	0	0.516	0	0	0	0.516
PA4577	arcD	208964.PA4577	208964.PA5170	0	0	0	0	0.568	0	0	0	0.568
PA4577	PA4610	208964.PA4577	208964.PA4610	0	0	0	0	0.677	0	0	0	0.677
PA4577	PA4611	208964.PA4577	208964.PA4611	0.186	0	0.287	0	0.561	0	0	0	0.722
PA4577	adhA	208964.PA4577	208964.PA5427	0	0	0	0	0.859	0	0	0.130	0.872
PA4577	PA5475	208964.PA4577	208964.PA5475	0	0	0	0	0.803	0	0	0.494	0.896
PA4607	cspD	208964.PA4607	208964.PA2622	0	0	0	0	0.858	0	0	0	0.858
PA4607	ldh	208964.PA4607	208964.PA3418	0	0	0	0	0.416	0	0	0	0.416
PA4607	azu	208964.PA4607	208964.PA4922	0	0	0	0	0.460	0	0	0	0.459
PA4607	PA5178	208964.PA4607	208964.PA5178	0	0	0	0	0.604	0	0	0	0.604
PA4610	ackA	208964.PA4610	208964.PA0836	0	0	0	0	0.635	0	0	0	0.635
PA4610	PA5475	208964.PA4610	208964.PA5475	0	0	0	0	0.476	0	0	0	0.476
PA4611	ccoO2	208964.PA4611	208964.PA1556	0	0	0	0	0.421	0	0	0	0.421
PA4611	oprG	208964.PA4611	208964.PA4067	0	0	0	0	0.499	0	0	0	0.499
PA4611	azu	208964.PA4611	208964.PA4922	0	0	0	0	0.443	0	0	0	0.443
PA5178	cspD	208964.PA5178	208964.PA2622	0.067	0	0	0	0.432	0	0	0.098	0.480
PA5178	pilP	208964.PA5178	208964.PA5041	0.054	0	0	0	0	0.428	0	0	0.435
PA5285	oprD	208964.PA5285	208964.PA0958	0	0	0.429	0	0.094	0	0	0	0.460
PA5285	rpoC	208964.PA5285	208964.PA4269	0	0	0	0	0.050	0.800	0	0	0.801
PA5285	rpoB	208964.PA5285	208964.PA4270	0	0	0	0	0	0.900	0	0	0.900
PA5470	rpsU	208964.PA5470	208964.PA0579	0.091	0	0	0	0.137	0.736	0	0.060	0.779
PA5470	rplT	208964.PA5470	208964.PA2741	0	0	0.317	0	0.321	0.736	0	0.148	0.881
PA5470	rpmI	208964.PA5470	208964.PA2742	0	0	0	0	0.080	0.736	0	0	0.746
PA5470	deaD	208964.PA5470	208964.PA2840	0.041	0	0	0	0.156	0.324	0	0.074	0.425
PA5470	rpmF	208964.PA5470	208964.PA2970	0	0	0	0	0.224	0.736	0	0.139	0.808
PA5470	recA	208964.PA5470	208964.PA3617	0.081	0	0.297	0	0.087	0	0	0.164	0.441
PA5470	tsf	208964.PA5470	208964.PA3655	0.095	0	0	0	0.318	0	0.152	0.283	0.574
PA5470	rpsB	208964.PA5470	208964.PA3656	0.094	0	0.176	0	0.144	0.746	0	0.144	0.835
PA5470	rplS	208964.PA5470	208964.PA3742	0.060	0	0.221	0	0.305	0.736	0	0.103	0.857
PA5470	rpsP	208964.PA5470	208964.PA3745	0.072	0	0.213	0	0.504	0.736	0	0.097	0.897
PA5470	rpsK	208964.PA5470	208964.PA4240	0	0	0.260	0	0.305	0.736	0	0.053	0.854
PA5470	rpsM	208964.PA5470	208964.PA4241	0	0	0.308	0	0.228	0.736	0	0.096	0.855
PA5470	rpmJ	208964.PA5470	208964.PA4242	0	0	0	0	0.368	0.736	0	0.099	0.836
PA5470	rplD	208964.PA5470	208964.PA4262	0	0	0.151	0	0.381	0.736	0	0.135	0.864
PA5470	rpsL	208964.PA5470	208964.PA4268	0.057	0	0.336	0	0.428	0.736	0	0.161	0.906
PA5470	rpoB	208964.PA5470	208964.PA4270	0	0	0.225	0	0.180	0.110	0	0.205	0.490
PA5470	rpsI	208964.PA5470	208964.PA4432	0	0	0.258	0	0.150	0.736	0	0.103	0.830
PA5470	obg	208964.PA5470	208964.PA4566	0.102	0	0.202	0	0.229	0.374	0	0.140	0.648
PA5470	rpmA	208964.PA5470	208964.PA4567	0.041	0	0.305	0	0.505	0.736	0	0.263	0.924
PA5470	rplU	208964.PA5470	208964.PA4568	0	0	0.228	0	0.615	0.736	0	0.164	0.925
PA5470	tpiA	208964.PA5470	208964.PA4748	0	0	0.338	0	0.046	0	0	0.133	0.404
PA5470	rplI	208964.PA5470	208964.PA4932	0.094	0	0	0	0.311	0.736	0	0.154	0.842
PA5470	rpsR	208964.PA5470	208964.PA4934	0.070	0	0.155	0	0.196	0.779	0	0.081	0.848
PA5470	rpsF	208964.PA5470	208964.PA4935	0.074	0	0	0	0.204	0.779	0	0.164	0.845
PA5470	rpmB	208964.PA5470	208964.PA5316	0.105	0	0	0	0.216	0.736	0	0.172	0.826
PA5470	PA5471	208964.PA5470	208964.PA5471	0.786	0	0.686	0	0.946	0	0	0.625	0.998
PA5471	nuoG	208964.PA5471	208964.PA2642	0	0	0	0	0	0	0	0.413	0.412
PA5471	rpmA	208964.PA5471	208964.PA4567	0	0	0	0	0.085	0	0	0.589	0.608
PA5471	rplU	208964.PA5471	208964.PA4568	0	0	0	0	0.055	0	0	0.589	0.595
PA5475	ackA	208964.PA5475	208964.PA0836	0.070	0	0	0	0.590	0	0	0	0.602
PA5475	ccoP2	208964.PA5475	208964.PA1555	0	0	0	0	0.449	0	0	0.078	0.470
PA5475	ccoO2	208964.PA5475	208964.PA1556	0	0	0	0	0.472	0	0	0.699	0.834
PA5475	oprG	208964.PA5475	208964.PA4067	0	0	0	0	0.756	0	0	0.389	0.844
PA5475	ccpR	208964.PA5475	208964.PA4587	0.064	0	0	0	0.761	0	0	0	0.766
PA5475	arcD	208964.PA5475	208964.PA5170	0	0	0	0	0.488	0	0	0	0.487
PA5475	adhA	208964.PA5475	208964.PA5427	0.057	0	0	0	0.862	0	0	0.419	0.917
PA5491	ccoP2	208964.PA5491	208964.PA1555	0.149	0	0.293	0	0.073	0	0	0.169	0.474
ackA	pdhA	208964.PA0836	208964.PA3417	0.099	0	0	0	0.147	0	0	0.289	0.406
ackA	lpdG	208964.PA0836	208964.PA1587	0.090	0	0	0	0.071	0	0	0.374	0.425
ackA	arcA	208964.PA0836	208964.PA5171	0.043	0	0	0	0.274	0	0	0.264	0.444
ackA	tpiA	208964.PA0836	208964.PA4748	0.060	0	0	0	0	0	0	0.456	0.467
ackA	oprG	208964.PA0836	208964.PA4067	0	0	0	0	0.483	0	0	0	0.483
ackA	tsf	208964.PA0836	208964.PA3655	0	0	0.200	0	0.307	0	0	0.164	0.496
ackA	ccpR	208964.PA0836	208964.PA4587	0	0	0	0	0.423	0	0	0.301	0.579
ackA	fabI	208964.PA0836	208964.PA1806	0.186	0	0.169	0	0.435	0	0	0.327	0.708
ackA	arcD	208964.PA0836	208964.PA5170	0.051	0	0	0	0.568	0	0	0.410	0.736
ackA	adhA	208964.PA0836	208964.PA5427	0.088	0	0	0	0.648	0	0	0.273	0.746
adhA	ccoP2	208964.PA5427	208964.PA1555	0	0	0	0	0.792	0	0	0.121	0.809
adhA	ccoO2	208964.PA5427	208964.PA1556	0	0	0	0	0.817	0	0	0.190	0.846
adhA	oprG	208964.PA5427	208964.PA4067	0	0	0	0	0.860	0	0	0.204	0.883
adhA	ccpR	208964.PA5427	208964.PA4587	0	0	0	0	0.855	0	0	0.109	0.865
adhA	arcD	208964.PA5427	208964.PA5170	0	0	0	0	0.733	0.081	0	0.139	0.770
adhA	arcA	208964.PA5427	208964.PA5171	0	0	0	0	0.689	0	0	0	0.689
adhA	arcB	208964.PA5427	208964.PA5172	0	0	0	0	0.655	0	0	0.130	0.687
adhA	arcC	208964.PA5427	208964.PA5173	0	0	0	0	0.624	0	0	0.190	0.682
ampC	rpoD	208964.PA4110	208964.PA0576	0	0	0	0	0	0	0	0.411	0.410
ampC	oprD	208964.PA4110	208964.PA0958	0	0	0	0	0	0	0	0.883	0.883
ampC	recA	208964.PA4110	208964.PA3617	0	0	0	0	0	0	0	0.537	0.537
ampC	rpoB	208964.PA4110	208964.PA4270	0	0	0	0	0	0	0	0.592	0.592
ampC	rpsL	208964.PA4110	208964.PA4268	0	0	0	0	0	0	0	0.781	0.781
ansB	proA	208964.PA1337	208964.PA4007	0.107	0	0	0	0	0	0.800	0	0.813
ansB	lpdG	208964.PA1337	208964.PA1587	0.058	0	0	0	0.131	0	0.800	0	0.821
ansB	murD	208964.PA1337	208964.PA4414	0	0	0	0	0	0	0.900	0	0.900
ansB	purF	208964.PA1337	208964.PA3108	0.122	0	0	0	0	0	0.900	0	0.908
ansB	arcC	208964.PA1337	208964.PA5173	0	0	0	0	0.084	0	0.900	0.148	0.915
ansB	aspA	208964.PA1337	208964.PA5429	0.123	0	0	0	0.389	0	0.900	0.475	0.968
ansB	ggt	208964.PA1337	208964.PA1338	0.557	0	0	0	0.771	0	0.800	0.385	0.985
arcA	ccoP2	208964.PA5171	208964.PA1555	0	0	0	0	0.549	0	0	0.131	0.591
arcA	ccoO2	208964.PA5171	208964.PA1556	0	0	0	0	0.483	0	0	0.174	0.554
arcA	oprG	208964.PA5171	208964.PA4067	0	0	0	0	0.778	0	0	0.120	0.796
arcA	ccpR	208964.PA5171	208964.PA4587	0	0	0	0	0.478	0	0	0	0.478
arcA	azu	208964.PA5171	208964.PA4922	0	0	0	0	0.242	0	0	0.411	0.534
arcA	arcD	208964.PA5171	208964.PA5170	0.724	0	0.772	0	0.871	0	0	0.820	0.998
arcA	arcC	208964.PA5171	208964.PA5173	0.518	0	0.771	0	0.961	0	0	0.921	0.999
arcA	arcB	208964.PA5171	208964.PA5172	0.620	0	0.764	0	0.977	0	0.900	0.903	0.999
arcB	ccoP2	208964.PA5172	208964.PA1555	0	0	0	0	0.486	0	0	0	0.485
arcB	ccoO2	208964.PA5172	208964.PA1556	0	0	0	0	0.461	0	0	0	0.461
arcB	oprG	208964.PA5172	208964.PA4067	0	0	0	0	0.738	0	0	0	0.738
arcB	argJ	208964.PA5172	208964.PA4402	0.123	0	0.176	0	0.724	0	0.900	0.589	0.990
arcB	ccpR	208964.PA5172	208964.PA4587	0	0	0	0	0.462	0	0	0.093	0.491
arcB	arcD	208964.PA5172	208964.PA5170	0.537	0	0.675	0	0.799	0	0	0.815	0.993
arcB	arcC	208964.PA5172	208964.PA5173	0.651	0	0.773	0	0.947	0	0.900	0.905	0.999
arcC	ccoP2	208964.PA5173	208964.PA1555	0	0	0	0	0.481	0	0	0.096	0.510
arcC	ccoO2	208964.PA5173	208964.PA1556	0	0	0	0	0.458	0	0	0	0.457
arcC	oprG	208964.PA5173	208964.PA4067	0	0	0	0	0.679	0	0	0	0.679
arcC	ccpR	208964.PA5173	208964.PA4587	0	0	0	0	0.486	0	0	0.083	0.508
arcC	tpiA	208964.PA5173	208964.PA4748	0	0	0	0	0	0	0	0.920	0.920
arcC	arcD	208964.PA5173	208964.PA5170	0.441	0	0.752	0	0.717	0	0	0.888	0.995
arcD	oprG	208964.PA5170	208964.PA4067	0	0	0	0	0.830	0	0	0	0.830
arcD	ccpR	208964.PA5170	208964.PA4587	0	0	0	0	0.468	0	0	0.699	0.833
arcD	azu	208964.PA5170	208964.PA4922	0	0	0	0	0.229	0	0	0.407	0.523
argJ	proA	208964.PA4402	208964.PA4007	0	0	0.401	0	0.052	0	0	0.457	0.665
atpD	rpoD	208964.PA5554	208964.PA0576	0.062	0	0	0	0.101	0	0	0.660	0.688
atpD	dnaG	208964.PA5554	208964.PA0577	0.110	0	0	0	0.050	0	0	0.422	0.468
atpD	sucB	208964.PA5554	208964.PA1586	0.051	0	0	0	0.546	0.086	0	0.376	0.721
atpD	lpdG	208964.PA5554	208964.PA1587	0.061	0	0	0	0.502	0	0	0.138	0.562
atpD	hupB	208964.PA5554	208964.PA1804	0	0	0	0	0.393	0	0	0.237	0.517
atpD	nuoF	208964.PA5554	208964.PA2641	0	0	0	0	0.431	0.086	0	0.276	0.590
atpD	nuoG	208964.PA5554	208964.PA2642	0.056	0	0	0	0.440	0.096	0	0.232	0.584
atpD	nuoH	208964.PA5554	208964.PA2643	0.186	0	0	0	0.372	0	0	0.358	0.643
atpD	nuoI	208964.PA5554	208964.PA2644	0.101	0	0	0	0.418	0.094	0	0.162	0.549
atpD	nuoJ	208964.PA5554	208964.PA2645	0.179	0	0	0	0.342	0	0	0	0.437
atpD	nuoK	208964.PA5554	208964.PA2646	0.179	0	0	0	0.370	0	0	0.243	0.574
atpD	nuoM	208964.PA5554	208964.PA2648	0.166	0	0	0	0.288	0	0	0.391	0.607
atpD	rplT	208964.PA5554	208964.PA2741	0	0	0.181	0	0.109	0	0	0.439	0.555
atpD	deaD	208964.PA5554	208964.PA2840	0	0	0	0	0	0.518	0	0.128	0.561
atpD	recA	208964.PA5554	208964.PA3617	0.057	0	0.159	0	0.071	0	0	0.921	0.934
atpD	tsf	208964.PA5554	208964.PA3655	0.057	0	0.225	0	0.783	0	0	0.722	0.950
atpD	rpsB	208964.PA5554	208964.PA3656	0	0	0	0	0.471	0.170	0	0.501	0.762
atpD	trmD	208964.PA5554	208964.PA3743	0	0	0.156	0	0.408	0	0	0	0.479
atpD	rpsK	208964.PA5554	208964.PA4240	0	0	0	0	0.868	0.093	0	0.566	0.943
atpD	rpsM	208964.PA5554	208964.PA4241	0	0	0	0	0.806	0.098	0	0.358	0.878
atpD	rpmJ	208964.PA5554	208964.PA4242	0	0	0	0	0.605	0.087	0	0.081	0.640
atpD	rplD	208964.PA5554	208964.PA4262	0.051	0	0.163	0	0.668	0.097	0	0.606	0.889
atpD	rpsL	208964.PA5554	208964.PA4268	0.051	0	0	0	0.536	0	0	0.240	0.636
atpD	rpoC	208964.PA5554	208964.PA4269	0	0	0	0	0.922	0	0	0.326	0.945
atpD	rpoB	208964.PA5554	208964.PA4270	0	0	0	0	0.855	0	0.111	0.867	0.981
atpD	ftsZ	208964.PA5554	208964.PA4407	0.041	0	0	0	0.338	0	0	0.457	0.626
atpD	rpsI	208964.PA5554	208964.PA4432	0	0	0	0	0.286	0	0	0.310	0.487
atpD	obg	208964.PA5554	208964.PA4566	0.186	0	0.327	0	0	0	0	0	0.428
atpD	rpmA	208964.PA5554	208964.PA4567	0.185	0	0	0	0.240	0	0	0.342	0.557
atpD	rplU	208964.PA5554	208964.PA4568	0.185	0	0	0	0.138	0	0	0.309	0.472
atpD	prs	208964.PA5554	208964.PA4670	0.093	0	0	0	0.394	0.146	0	0.358	0.658
atpD	tpiA	208964.PA5554	208964.PA4748	0.056	0	0.197	0	0.315	0	0	0.248	0.557
atpD	rplI	208964.PA5554	208964.PA4932	0.116	0	0	0	0.310	0	0	0.254	0.506
atpD	rpsF	208964.PA5554	208964.PA4935	0.053	0	0	0	0.424	0	0	0.100	0.466
atpD	atpG	208964.PA5554	208964.PA5555	0.725	0.003	0.774	0	0.985	0.806	0.991	0.844	0.999
atpG	sucB	208964.PA5555	208964.PA1586	0	0	0	0	0.646	0	0	0.229	0.715
atpG	lpdG	208964.PA5555	208964.PA1587	0.063	0	0	0	0.547	0.092	0	0.141	0.624
atpG	nuoF	208964.PA5555	208964.PA2641	0	0	0	0	0.747	0.107	0	0.243	0.814
atpG	nuoG	208964.PA5555	208964.PA2642	0.063	0	0	0	0.637	0.116	0	0.241	0.742
atpG	nuoH	208964.PA5555	208964.PA2643	0.178	0	0	0	0.345	0	0	0.357	0.624
atpG	nuoI	208964.PA5555	208964.PA2644	0.095	0	0	0	0.619	0.088	0	0.125	0.688
atpG	nuoJ	208964.PA5555	208964.PA2645	0.185	0	0	0	0.408	0	0	0.100	0.528
atpG	nuoK	208964.PA5555	208964.PA2646	0.181	0	0	0	0.365	0	0	0.242	0.571
atpG	nuoL	208964.PA5555	208964.PA2647	0.114	0	0	0	0.225	0	0	0.234	0.428
atpG	nuoM	208964.PA5555	208964.PA2648	0.162	0	0	0	0.344	0	0	0.103	0.464
atpG	rplT	208964.PA5555	208964.PA2741	0	0	0.159	0	0.361	0	0	0	0.439
atpG	deaD	208964.PA5555	208964.PA2840	0	0	0	0	0	0.512	0	0.100	0.542
atpG	rpmF	208964.PA5555	208964.PA2970	0	0	0	0	0.570	0	0	0.170	0.628
atpG	recA	208964.PA5555	208964.PA3617	0.051	0	0.160	0	0	0	0	0.358	0.443
atpG	tsf	208964.PA5555	208964.PA3655	0.043	0	0.165	0	0.937	0	0	0.345	0.962
atpG	rpsB	208964.PA5555	208964.PA3656	0	0	0	0	0.786	0	0	0.169	0.815
atpG	rplS	208964.PA5555	208964.PA3742	0.090	0	0	0	0.442	0.116	0	0.169	0.577
atpG	trmD	208964.PA5555	208964.PA3743	0.084	0	0.203	0	0.627	0	0	0.227	0.761
atpG	rimM	208964.PA5555	208964.PA3744	0.043	0	0.152	0	0.392	0	0	0	0.464
atpG	rpsP	208964.PA5555	208964.PA3745	0.114	0	0	0	0.413	0	0	0.228	0.563
atpG	rpsK	208964.PA5555	208964.PA4240	0	0	0	0	0.947	0.096	0	0.217	0.959
atpG	rpsM	208964.PA5555	208964.PA4241	0	0	0	0	0.943	0.096	0	0.102	0.950
atpG	rpmJ	208964.PA5555	208964.PA4242	0	0	0	0	0.772	0	0	0	0.772
atpG	rplD	208964.PA5555	208964.PA4262	0.063	0	0.185	0	0.919	0.090	0	0.308	0.954
atpG	rpsL	208964.PA5555	208964.PA4268	0.057	0	0	0	0.765	0	0	0.118	0.787
atpG	rpoC	208964.PA5555	208964.PA4269	0	0	0	0	0.793	0	0	0	0.793
atpG	rpoB	208964.PA5555	208964.PA4270	0	0	0	0	0.870	0	0	0.357	0.912
atpG	fumC1	208964.PA5555	208964.PA4470	0	0	0	0	0.465	0	0	0.171	0.537
atpG	rplU	208964.PA5555	208964.PA4568	0.184	0	0.152	0	0.368	0	0	0.243	0.625
atpG	prs	208964.PA5555	208964.PA4670	0.070	0	0	0	0.328	0.098	0	0.357	0.589
atpG	tpiA	208964.PA5555	208964.PA4748	0.053	0	0	0	0.582	0	0	0.162	0.640
atpG	rplI	208964.PA5555	208964.PA4932	0.130	0	0	0	0.516	0	0	0.363	0.709
atpG	rpsR	208964.PA5555	208964.PA4934	0.075	0	0	0	0.682	0	0	0.241	0.757
atpG	rpsF	208964.PA5555	208964.PA4935	0.072	0	0.257	0	0.568	0	0	0.235	0.742
atpG	rpmB	208964.PA5555	208964.PA5316	0	0	0	0	0.425	0	0	0	0.425
azu	ccoP2	208964.PA4922	208964.PA1555	0	0	0.225	0	0.143	0	0	0.239	0.450
azu	cspD	208964.PA4922	208964.PA2622	0	0	0	0	0.581	0	0	0	0.581
azu	oprI	208964.PA4922	208964.PA2853	0	0	0	0	0.715	0	0	0	0.715
azu	oprG	208964.PA4922	208964.PA4067	0	0	0	0	0.581	0	0	0.417	0.745
azu	ccpR	208964.PA4922	208964.PA4587	0	0	0	0	0.207	0	0	0.881	0.901
ccoO2	ccoP2	208964.PA1556	208964.PA1555	0.808	0	0.774	0	0.977	0.806	0	0.817	0.999
ccoO2	ccpR	208964.PA1556	208964.PA4587	0	0	0	0	0.850	0	0	0.239	0.881
ccoO2	oprG	208964.PA1556	208964.PA4067	0.105	0	0	0	0.923	0	0	0.353	0.952
ccoP2	oprG	208964.PA1555	208964.PA4067	0.073	0	0.187	0	0.808	0	0	0.211	0.870
ccoP2	ccpR	208964.PA1555	208964.PA4587	0.110	0	0	0	0.871	0	0	0.233	0.904
ccpR	oprG	208964.PA4587	208964.PA4067	0	0	0	0	0.774	0	0	0.041	0.774
clpV1	vgrG1c	208964.PA0090	208964.PA2685	0.062	0	0.756	0	0.368	0	0	0.516	0.920
cspD	hupB	208964.PA2622	208964.PA1804	0.060	0	0	0	0.368	0.165	0	0.279	0.594
cspD	rplS	208964.PA2622	208964.PA3742	0	0	0	0	0.084	0.376	0	0	0.403
cspD	rpsB	208964.PA2622	208964.PA3656	0	0	0	0	0.134	0.296	0	0.113	0.412
cspD	rpsP	208964.PA2622	208964.PA3745	0.058	0	0	0	0.087	0.208	0	0.245	0.417
cspD	rpmA	208964.PA2622	208964.PA4567	0.053	0	0	0	0.095	0.374	0	0.052	0.423
cspD	oprI	208964.PA2622	208964.PA2853	0	0	0	0	0.425	0	0	0	0.424
cspD	rplT	208964.PA2622	208964.PA2741	0.052	0	0	0	0.119	0.374	0	0.045	0.433
cspD	rpmJ	208964.PA2622	208964.PA4242	0	0	0	0	0.276	0.208	0	0.096	0.436
cspD	ldh	208964.PA2622	208964.PA3418	0	0	0	0	0.486	0	0	0	0.485
cspD	rpsL	208964.PA2622	208964.PA4268	0	0	0	0	0.318	0.349	0	0.075	0.553
cspD	hupA	208964.PA2622	208964.PA5348	0.060	0	0	0	0.343	0.165	0	0.267	0.571
cyoE1	nuoK	208964.PA0113	208964.PA2646	0	0	0	0	0.381	0	0	0.170	0.464
deaD	rplT	208964.PA2840	208964.PA2741	0	0	0	0	0.319	0.161	0	0.228	0.521
deaD	rpmI	208964.PA2840	208964.PA2742	0	0	0	0	0.391	0	0	0.364	0.596
deaD	obg	208964.PA2840	208964.PA4566	0.074	0	0	0	0.150	0.219	0.121	0.093	0.421
deaD	rpsL	208964.PA2840	208964.PA4268	0	0	0	0	0.180	0.174	0.171	0.092	0.421
deaD	rpoC	208964.PA2840	208964.PA4269	0	0	0	0	0.217	0.102	0.196	0.135	0.445
deaD	rplI	208964.PA2840	208964.PA4932	0.055	0	0	0	0.091	0.168	0	0.320	0.448
deaD	rpoB	208964.PA2840	208964.PA4270	0	0	0	0	0.207	0.112	0.255	0.160	0.500
deaD	rplU	208964.PA2840	208964.PA4568	0	0	0	0	0.120	0.443	0	0.190	0.568
deaD	rpsK	208964.PA2840	208964.PA4240	0	0	0	0	0.102	0.195	0.451	0.098	0.594
deaD	rplD	208964.PA2840	208964.PA4262	0	0	0	0	0.324	0.450	0.171	0.132	0.696
dnaG	rpoD	208964.PA0577	208964.PA0576	0.623	0	0.408	0	0.529	0	0	0.566	0.948
dnaG	rluB	208964.PA0577	208964.PA3179	0.062	0	0	0	0.096	0	0	0.357	0.407
dnaG	rplU	208964.PA0577	208964.PA4568	0.186	0	0.243	0	0.105	0	0	0.145	0.465
dnaG	ftsZ	208964.PA0577	208964.PA4407	0.055	0	0.193	0	0	0	0	0.396	0.499
dnaG	rpsR	208964.PA0577	208964.PA4934	0.062	0	0.368	0	0.190	0	0	0.102	0.511
dnaG	obg	208964.PA0577	208964.PA4566	0.133	0	0.205	0	0.238	0	0	0.350	0.612
dnaG	rpoC	208964.PA0577	208964.PA4269	0.186	0	0.188	0	0.052	0.090	0	0.490	0.656
dnaG	tsf	208964.PA0577	208964.PA3655	0.154	0	0	0	0.302	0	0	0.606	0.747
dnaG	rpsI	208964.PA0577	208964.PA4432	0.186	0	0.154	0	0.066	0	0	0.664	0.755
dnaG	recA	208964.PA0577	208964.PA3617	0.103	0	0.417	0	0.074	0	0	0.565	0.761
dnaG	trmD	208964.PA0577	208964.PA3743	0.143	0	0.684	0	0.157	0	0	0.139	0.777
dnaG	rplT	208964.PA0577	208964.PA2741	0.101	0	0.245	0	0.069	0	0	0.723	0.802
dnaG	rpoB	208964.PA0577	208964.PA4270	0.186	0	0.340	0	0.074	0	0	0.708	0.835
dnaG	rpsB	208964.PA0577	208964.PA3656	0.179	0	0.322	0	0.077	0	0	0.722	0.838
dnaG	rpmA	208964.PA0577	208964.PA4567	0.186	0	0.161	0	0.246	0	0	0.724	0.839
dnaG	rpsM	208964.PA0577	208964.PA4241	0.149	0	0.178	0	0.073	0	0	0.792	0.847
dnaG	rplD	208964.PA0577	208964.PA4262	0.113	0	0.262	0	0.059	0	0	0.795	0.857
dnaG	rpsU	208964.PA0577	208964.PA0579	0.509	0	0	0	0.124	0	0	0.706	0.863
dnaG	rplS	208964.PA0577	208964.PA3742	0	0	0.426	0	0.086	0	0	0.793	0.882
dnaG	rpsK	208964.PA0577	208964.PA4240	0.146	0	0.180	0	0.066	0	0	0.843	0.884
fabI	pqsB	208964.PA1806	208964.PA0997	0.093	0	0	0	0.388	0	0	0.143	0.482
fabI	pqsD	208964.PA1806	208964.PA0999	0.093	0	0.381	0	0.388	0	0	0.188	0.683
fabI	rpoB	208964.PA1806	208964.PA4270	0	0	0	0	0.052	0	0	0.411	0.418
fabI	tpiA	208964.PA1806	208964.PA4748	0.186	0	0	0	0.087	0	0	0.360	0.483
fabI	ftsZ	208964.PA1806	208964.PA4407	0	0	0	0	0.105	0	0	0.501	0.535
fptB	pchC	208964.PA4220	208964.PA4229	0.239	0	0	0	0.864	0	0	0.206	0.910
fpvA	pchC	208964.PA2398	208964.PA4229	0	0	0	0	0.058	0	0	0.417	0.427
ftsZ	rpoD	208964.PA4407	208964.PA0576	0.096	0	0.262	0	0.097	0	0	0.660	0.768
ftsZ	sucB	208964.PA4407	208964.PA1586	0	0	0	0	0.332	0	0	0.147	0.406
ftsZ	hupB	208964.PA4407	208964.PA1804	0	0	0.188	0	0.326	0	0	0.250	0.553
ftsZ	nuoH	208964.PA4407	208964.PA2643	0	0	0	0	0.359	0	0	0.243	0.494
ftsZ	lexA	208964.PA4407	208964.PA3007	0	0	0	0	0.048	0	0	0.795	0.797
ftsZ	sulA	208964.PA4407	208964.PA3008	0	0	0	0	0.047	0.988	0	0.630	0.995
ftsZ	recA	208964.PA4407	208964.PA3617	0.057	0	0.466	0	0.048	0.224	0	0.863	0.939
ftsZ	tsf	208964.PA4407	208964.PA3655	0.059	0	0	0	0.095	0	0	0.416	0.459
ftsZ	rpsB	208964.PA4407	208964.PA3656	0.059	0	0	0	0.068	0.126	0	0.438	0.511
ftsZ	rpsL	208964.PA4407	208964.PA4268	0	0	0	0	0.074	0	0	0.402	0.422
ftsZ	rpoC	208964.PA4407	208964.PA4269	0	0	0	0	0.580	0	0	0.393	0.734
ftsZ	rpoB	208964.PA4407	208964.PA4270	0	0	0.166	0	0.272	0	0	0.565	0.713
ftsZ	rplU	208964.PA4407	208964.PA4568	0.177	0	0.206	0	0.090	0	0	0.169	0.440
ftsZ	tpiA	208964.PA4407	208964.PA4748	0.045	0	0	0	0.182	0	0	0.394	0.485
ftsZ	recN	208964.PA4407	208964.PA4763	0.186	0	0	0	0	0	0	0.403	0.493
ftsZ	murD	208964.PA4407	208964.PA4414	0.636	0	0.279	0	0.283	0	0	0.797	0.956
fumC1	sucB	208964.PA4470	208964.PA1586	0	0	0	0	0.290	0.091	0.360	0.167	0.609
fumC1	nuoF	208964.PA4470	208964.PA2641	0	0	0	0	0.364	0.090	0	0.117	0.444
fumC1	pdhA	208964.PA4470	208964.PA3417	0	0	0	0	0.047	0	0	0.474	0.477
fumC1	tpiA	208964.PA4470	208964.PA4748	0	0	0	0	0.056	0.108	0	0.345	0.400
fumC1	prs	208964.PA4470	208964.PA4670	0	0	0	0	0.236	0	0	0.256	0.407
hupA	rpsU	208964.PA5348	208964.PA0579	0.068	0	0	0	0.197	0	0	0.271	0.407
hupA	rpmF	208964.PA5348	208964.PA2970	0.093	0	0	0	0.334	0	0	0.131	0.429
hupA	rpsP	208964.PA5348	208964.PA3745	0	0	0	0	0.305	0	0	0.325	0.511
hupA	rplU	208964.PA5348	208964.PA4568	0	0	0.155	0	0.356	0	0	0.097	0.466
hupB	rpsM	208964.PA1804	208964.PA4241	0	0	0	0	0.344	0	0	0.128	0.403
hupB	rplS	208964.PA1804	208964.PA3742	0.058	0	0	0	0.401	0	0	0	0.411
hupB	rplU	208964.PA1804	208964.PA4568	0	0	0	0	0.386	0	0	0.097	0.421
hupB	rpmF	208964.PA1804	208964.PA2970	0.093	0	0	0	0.369	0	0	0.131	0.460
hupB	rpmJ	208964.PA1804	208964.PA4242	0.063	0	0	0	0.336	0	0	0.214	0.468
hupB	rpmI	208964.PA1804	208964.PA2742	0.093	0	0	0	0.411	0	0	0.190	0.529
hupB	rpsP	208964.PA1804	208964.PA3745	0	0	0	0	0.321	0	0	0.442	0.605
hupB	oprI	208964.PA1804	208964.PA2853	0	0	0	0	0.746	0	0	0.107	0.763
ldh	pdhA	208964.PA3418	208964.PA3417	0.527	0	0	0	0.656	0	0	0.199	0.858
ldh	leuA	208964.PA3418	208964.PA3792	0.045	0	0	0	0.121	0	0.900	0.135	0.917
lecA	pqsB	208964.PA2570	208964.PA0997	0	0	0	0	0	0	0	0.477	0.477
lecA	pqsD	208964.PA2570	208964.PA0999	0	0	0	0	0	0	0	0.499	0.499
lecA	pqsE	208964.PA2570	208964.PA1000	0	0	0	0	0.052	0	0	0.767	0.769
lecA	phzS	208964.PA2570	208964.PA4217	0	0	0	0	0.093	0	0	0.525	0.550
leuA	pdhA	208964.PA3792	208964.PA3417	0	0	0	0	0.129	0	0.800	0.120	0.833
leuA	proA	208964.PA3792	208964.PA4007	0.054	0	0	0	0.061	0	0	0.485	0.502
lexA	rpoD	208964.PA3007	208964.PA0576	0	0	0.153	0	0	0.178	0	0.659	0.742
lexA	rpoB	208964.PA3007	208964.PA4270	0	0	0	0	0	0	0	0.584	0.584
lexA	sulA	208964.PA3007	208964.PA3008	0.788	0	0	0	0.765	0	0	0.252	0.959
lexA	recN	208964.PA3007	208964.PA4763	0	0	0	0	0.721	0	0	0.920	0.976
lexA	recA	208964.PA3007	208964.PA3617	0.181	0	0	0	0.955	0.793	0	0.921	0.999
lpdG	sucB	208964.PA1587	208964.PA1586	0.588	0.137	0.717	0	0.914	0.404	0.918	0.098	0.999
lpdG	tsf	208964.PA1587	208964.PA3655	0	0	0	0	0.335	0	0	0.142	0.405
lpdG	rpoC	208964.PA1587	208964.PA4269	0	0	0	0	0.429	0	0	0.078	0.451
lpdG	nuoJ	208964.PA1587	208964.PA2645	0	0	0	0	0.457	0	0	0	0.457
lpdG	nuoI	208964.PA1587	208964.PA2644	0	0	0	0	0.518	0.090	0	0.084	0.563
lpdG	rpoB	208964.PA1587	208964.PA4270	0	0	0	0	0.560	0	0	0.056	0.566
lpdG	nuoG	208964.PA1587	208964.PA2642	0.068	0	0	0	0.673	0.091	0	0.061	0.705
lpdG	prs	208964.PA1587	208964.PA4670	0	0	0.188	0	0.239	0.191	0.452	0.143	0.722
lpdG	nuoF	208964.PA1587	208964.PA2641	0	0	0.166	0	0.609	0.090	0	0.196	0.730
lpdG	pdhA	208964.PA1587	208964.PA3417	0.088	0	0.275	0	0.473	0	0.920	0.101	0.970
murD	rpsB	208964.PA4414	208964.PA3656	0.104	0	0.199	0	0.134	0	0	0.175	0.418
murD	recN	208964.PA4414	208964.PA4763	0.184	0	0.195	0	0	0	0	0.231	0.450
murD	rpsF	208964.PA4414	208964.PA4935	0.061	0	0.470	0	0	0	0	0	0.481
nrdB	recA	208964.PA1155	208964.PA3617	0.087	0	0	0	0	0	0	0.371	0.401
nrdB	prs	208964.PA1155	208964.PA4670	0	0	0	0	0.077	0	0	0.480	0.499
nuoF	sucB	208964.PA2641	208964.PA1586	0	0	0	0	0.486	0.090	0	0.283	0.635
nuoF	tpiA	208964.PA2641	208964.PA4748	0.186	0	0.188	0	0.294	0.091	0	0.165	0.581
nuoF	nuoM	208964.PA2641	208964.PA2648	0.450	0	0.464	0	0.969	0.806	0.926	0.792	0.999
nuoF	nuoG	208964.PA2641	208964.PA2642	0.567	0	0.732	0	0.986	0.793	0.942	0.724	0.999
nuoF	nuoI	208964.PA2641	208964.PA2644	0.557	0	0.726	0	0.935	0.700	0.916	0.799	0.999
nuoF	nuoJ	208964.PA2641	208964.PA2645	0.547	0	0.711	0	0.984	0.806	0.900	0.819	0.999
nuoF	nuoK	208964.PA2641	208964.PA2646	0.481	0	0.574	0	0.958	0.806	0.900	0.399	0.999
nuoF	nuoH	208964.PA2641	208964.PA2643	0.567	0	0.516	0	0.926	0.806	0.926	0.659	0.999
nuoF	nuoL	208964.PA2641	208964.PA2647	0.481	0	0.481	0	0.941	0.774	0.900	0.566	0.999
nuoG	sucB	208964.PA2642	208964.PA1586	0	0	0	0	0.651	0.091	0	0.096	0.688
nuoG	rpoB	208964.PA2642	208964.PA4270	0	0	0	0	0.253	0	0	0.358	0.499
nuoG	nuoJ	208964.PA2642	208964.PA2645	0.769	0	0.773	0	0.960	0.774	0.900	0.358	0.999
nuoG	nuoH	208964.PA2642	208964.PA2643	0.806	0	0.721	0	0.931	0.793	0.918	0.798	0.999
nuoG	nuoK	208964.PA2642	208964.PA2646	0.652	0	0.743	0	0.959	0.774	0.900	0.544	0.999
nuoG	nuoL	208964.PA2642	208964.PA2647	0.652	0	0.734	0	0.940	0.623	0.900	0.706	0.999
nuoG	nuoM	208964.PA2642	208964.PA2648	0.597	0	0.732	0	0.968	0.793	0.918	0.660	0.999
nuoG	nuoI	208964.PA2642	208964.PA2644	0.788	0	0.773	0	0.960	0.573	0.936	0.662	0.999
nuoH	rpsL	208964.PA2643	208964.PA4268	0	0	0	0	0.126	0	0	0.357	0.413
nuoH	rpoB	208964.PA2643	208964.PA4270	0	0	0	0	0.198	0	0	0.358	0.463
nuoH	rpsP	208964.PA2643	208964.PA3745	0.065	0	0	0	0.108	0	0	0.423	0.477
nuoH	nuoI	208964.PA2643	208964.PA2644	0.788	0.540	0.774	0	0.969	0.700	0.943	0.723	0.999
nuoH	nuoM	208964.PA2643	208964.PA2648	0.597	0	0.774	0	0.962	0.806	0.974	0.844	0.999
nuoH	nuoL	208964.PA2643	208964.PA2647	0.652	0	0.774	0	0.965	0.789	0.900	0.878	0.999
nuoH	nuoK	208964.PA2643	208964.PA2646	0.652	0	0.774	0	0.976	0.806	0.900	0.920	0.999
nuoH	nuoJ	208964.PA2643	208964.PA2645	0.769	0	0.772	0	0.940	0.806	0.900	0.919	0.999
nuoI	sucB	208964.PA2644	208964.PA1586	0	0	0	0	0.498	0.090	0	0.096	0.551
nuoI	rpoB	208964.PA2644	208964.PA4270	0	0	0	0	0.375	0	0	0.164	0.455
nuoI	tpiA	208964.PA2644	208964.PA4748	0.186	0	0	0	0.298	0	0	0.138	0.464
nuoI	nuoM	208964.PA2644	208964.PA2648	0.609	0	0.772	0	0.986	0.700	0.943	0.724	0.999
nuoI	nuoL	208964.PA2644	208964.PA2647	0.667	0	0.772	0	0.977	0.559	0.900	0.722	0.999
nuoI	nuoK	208964.PA2644	208964.PA2646	0.667	0	0.774	0	0.986	0.696	0.900	0.568	0.999
nuoI	nuoJ	208964.PA2644	208964.PA2645	0.788	0	0.774	0	0.985	0.696	0.900	0.798	0.999
nuoJ	rpsP	208964.PA2645	208964.PA3745	0.064	0	0	0	0	0	0	0.389	0.403
nuoJ	nuoK	208964.PA2645	208964.PA2646	0.680	0	0.774	0	0.986	0.806	0.900	0.843	0.999
nuoJ	nuoL	208964.PA2645	208964.PA2647	0.680	0	0.771	0	0.986	0.793	0.900	0.810	0.999
nuoJ	nuoM	208964.PA2645	208964.PA2648	0.621	0	0.771	0	0.985	0.806	0.900	0.902	0.999
nuoK	nuoM	208964.PA2646	208964.PA2648	0.729	0	0.774	0	0.986	0.806	0.900	0.871	0.999
nuoK	nuoL	208964.PA2646	208964.PA2647	0.806	0	0.774	0	0.968	0.793	0.900	0.884	0.999
nuoL	rpoB	208964.PA2647	208964.PA4270	0	0	0	0	0.108	0	0	0.364	0.408
nuoL	nuoM	208964.PA2647	208964.PA2648	0.729	0	0.325	0.612	0.983	0.793	0.900	0.556	0.999
nuoM	rplT	208964.PA2648	208964.PA2741	0.079	0	0	0	0.076	0	0	0.358	0.406
nuoM	rpsK	208964.PA2648	208964.PA4240	0	0	0	0	0.162	0	0	0.358	0.439
nuoM	rpsP	208964.PA2648	208964.PA3745	0.061	0	0	0	0.075	0	0	0.411	0.443
nuoM	rpoB	208964.PA2648	208964.PA4270	0	0	0	0	0.270	0	0	0.358	0.511
obg	rplT	208964.PA4566	208964.PA2741	0.094	0	0.665	0	0.465	0.805	0	0.239	0.971
obg	rpmI	208964.PA4566	208964.PA2742	0.059	0	0	0	0.193	0.492	0	0.243	0.669
obg	rpmF	208964.PA4566	208964.PA2970	0.134	0	0	0	0.142	0.805	0	0.243	0.875
obg	rluB	208964.PA4566	208964.PA3179	0.191	0	0.232	0	0.220	0	0	0.097	0.503
obg	recA	208964.PA4566	208964.PA3617	0.143	0	0.348	0	0.170	0	0	0.311	0.637
obg	tsf	208964.PA4566	208964.PA3655	0.045	0	0.567	0	0.180	0	0	0.243	0.708
obg	rpsB	208964.PA4566	208964.PA3656	0.170	0	0.252	0	0.188	0	0	0.121	0.497
obg	rplS	208964.PA4566	208964.PA3742	0.059	0	0.652	0	0.163	0.805	0	0.101	0.943
obg	trmD	208964.PA4566	208964.PA3743	0.120	0	0.683	0	0.281	0	0	0.074	0.789
obg	rimM	208964.PA4566	208964.PA3744	0.094	0	0	0	0.131	0	0	0.358	0.450
obg	rpsP	208964.PA4566	208964.PA3745	0.130	0	0.507	0	0.352	0	0	0.102	0.717
obg	proA	208964.PA4566	208964.PA4007	0.186	0	0	0	0.488	0	0	0.358	0.709
obg	rpsK	208964.PA4566	208964.PA4240	0.072	0	0.319	0	0.114	0	0	0.061	0.404
obg	rpmJ	208964.PA4566	208964.PA4242	0	0	0	0	0.059	0.624	0	0.154	0.674
obg	rplD	208964.PA4566	208964.PA4262	0.044	0	0.223	0	0.113	0.779	0	0	0.835
obg	rpsL	208964.PA4566	208964.PA4268	0.062	0	0.205	0	0.113	0	0	0.358	0.518
obg	rpoB	208964.PA4566	208964.PA4270	0.044	0	0.231	0	0.302	0	0	0.057	0.451
obg	rpsR	208964.PA4566	208964.PA4934	0	0	0.413	0	0.150	0	0	0	0.480
obg	tpiA	208964.PA4566	208964.PA4748	0.083	0	0.373	0	0.147	0	0	0.171	0.539
obg	rpmB	208964.PA4566	208964.PA5316	0.121	0	0	0	0.125	0.492	0	0	0.575
obg	rplI	208964.PA4566	208964.PA4932	0	0	0	0	0.166	0.805	0	0.170	0.853
obg	rplU	208964.PA4566	208964.PA4568	0.530	0	0.488	0	0.148	0.805	0	0.357	0.969
obg	rpmA	208964.PA4566	208964.PA4567	0.561	0	0.453	0	0.434	0.805	0	0.356	0.979
oprB	oprD	208964.PA3186	208964.PA0958	0	0	0	0	0.096	0	0.540	0.856	0.935
oprB	oprG	208964.PA3186	208964.PA4067	0	0	0	0	0	0	0	0.718	0.718
oprD	rpoB	208964.PA0958	208964.PA4270	0	0	0	0	0.050	0	0	0.412	0.417
oprD	rpsL	208964.PA0958	208964.PA4268	0	0	0	0	0.056	0	0	0.590	0.596
oprD	oprI	208964.PA0958	208964.PA2853	0	0	0	0	0.100	0	0	0.692	0.710
oprD	oprG	208964.PA0958	208964.PA4067	0	0	0	0	0.051	0	0	0.849	0.850
oprG	oprI	208964.PA4067	208964.PA2853	0	0	0	0	0.147	0	0	0.719	0.750
oprI	rpmI	208964.PA2853	208964.PA2742	0	0	0	0	0.413	0	0	0.135	0.470
pdhA	sucB	208964.PA3417	208964.PA1586	0.088	0	0.658	0	0.497	0.321	0.239	0.101	0.910
pdhA	prs	208964.PA3417	208964.PA4670	0	0	0	0	0.044	0.086	0.451	0.141	0.532
phzC2	phzS	208964.PA1901	208964.PA4217	0	0	0	0	0.860	0	0	0.381	0.909
phzS	pqsE	208964.PA4217	208964.PA1000	0	0	0	0	0.343	0	0	0.588	0.718
phzS	pilB	208964.PA4217	208964.PA4526	0	0	0	0	0	0	0	0.411	0.410
pilA	pilP	208964.PA4525	208964.PA5041	0	0	0.194	0	0.068	0	0	0.340	0.461
pilA	pilB	208964.PA4525	208964.PA4526	0.498	0	0.462	0	0.729	0	0	0.729	0.977
pilB	pilP	208964.PA4526	208964.PA5041	0	0	0.178	0	0.126	0.371	0	0.892	0.945
pqsB	pqsD	208964.PA0997	208964.PA0999	0.634	0	0	0	0.955	0	0	0.923	0.998
pqsB	pqsE	208964.PA0997	208964.PA1000	0.641	0	0	0	0.863	0	0.900	0.883	0.999
pqsD	pqsE	208964.PA0999	208964.PA1000	0.778	0	0	0	0.863	0	0.900	0.883	0.999
proA	prs	208964.PA4007	208964.PA4670	0.185	0	0	0	0.156	0.087	0	0.227	0.449
proA	rpsL	208964.PA4007	208964.PA4268	0	0	0	0	0.132	0	0	0.457	0.509
proA	rpmA	208964.PA4007	208964.PA4567	0.186	0	0	0	0.322	0	0	0.235	0.540
proA	rplU	208964.PA4007	208964.PA4568	0.186	0	0	0	0.384	0	0	0.356	0.648
prs	rpsU	208964.PA4670	208964.PA0579	0.073	0	0	0	0.502	0	0	0.145	0.571
prs	sucB	208964.PA4670	208964.PA1586	0	0	0	0	0.209	0.389	0.450	0.143	0.741
prs	rplT	208964.PA4670	208964.PA2741	0.086	0	0.161	0	0.270	0	0	0.224	0.507
prs	rpmF	208964.PA4670	208964.PA2970	0	0	0	0	0.300	0	0	0.241	0.446
prs	purF	208964.PA4670	208964.PA3108	0.153	0	0	0	0.074	0.090	0.900	0.358	0.945
prs	tsf	208964.PA4670	208964.PA3655	0.097	0	0.162	0	0.586	0.087	0	0.306	0.765
prs	rpsB	208964.PA4670	208964.PA3656	0	0	0.156	0	0.377	0.091	0	0.242	0.589
prs	rplS	208964.PA4670	208964.PA3742	0.112	0	0.153	0	0.373	0	0	0.240	0.593
prs	trmD	208964.PA4670	208964.PA3743	0.109	0	0	0	0.314	0.126	0	0	0.419
prs	rpsP	208964.PA4670	208964.PA3745	0.106	0	0.167	0	0.352	0.087	0	0	0.500
prs	rpsK	208964.PA4670	208964.PA4240	0	0	0	0	0.451	0.091	0	0	0.480
prs	rpsM	208964.PA4670	208964.PA4241	0	0	0.166	0	0.392	0.091	0	0	0.499
prs	rpmJ	208964.PA4670	208964.PA4242	0	0	0	0	0.531	0	0	0	0.531
prs	rplD	208964.PA4670	208964.PA4262	0	0	0	0	0.697	0	0	0.048	0.699
prs	rpsL	208964.PA4670	208964.PA4268	0	0	0	0	0.441	0	0	0.241	0.557
prs	rpoB	208964.PA4670	208964.PA4270	0	0	0	0	0.335	0	0	0.243	0.475
prs	rpsI	208964.PA4670	208964.PA4432	0.109	0	0.177	0	0.526	0	0	0.074	0.635
prs	rplU	208964.PA4670	208964.PA4568	0	0	0	0	0.675	0	0	0	0.675
prs	rplI	208964.PA4670	208964.PA4932	0.186	0	0	0	0.544	0	0	0	0.613
prs	tpiA	208964.PA4670	208964.PA4748	0.169	0	0.243	0	0.245	0	0	0.448	0.702
prs	rpsF	208964.PA4670	208964.PA4935	0.186	0	0.188	0	0.575	0	0	0.101	0.714
prs	rpsR	208964.PA4670	208964.PA4934	0.186	0	0	0	0.569	0	0	0.409	0.774
prtN	recA	208964.PA0610	208964.PA3617	0	0	0	0	0.202	0	0	0.767	0.806
purF	rluB	208964.PA3108	208964.PA3179	0.219	0	0	0	0.311	0	0	0	0.439
purF	rpoC	208964.PA3108	208964.PA4269	0	0	0	0	0.305	0	0	0.376	0.548
purF	rpoB	208964.PA3108	208964.PA4270	0	0	0	0	0.356	0	0	0.418	0.609
recA	rpoD	208964.PA3617	208964.PA0576	0.060	0	0.411	0	0.153	0	0	0.920	0.957
recA	rpsU	208964.PA3617	208964.PA0579	0.063	0	0	0	0.050	0	0	0.418	0.436
recA	rplT	208964.PA3617	208964.PA2741	0.168	0	0.738	0	0.131	0	0	0.285	0.846
recA	sulA	208964.PA3617	208964.PA3008	0	0	0	0	0.600	0	0	0.043	0.601
recA	rluB	208964.PA3617	208964.PA3179	0.158	0	0.280	0	0.085	0	0	0.194	0.493
recA	tpiA	208964.PA3617	208964.PA4748	0.042	0	0.160	0	0.096	0	0	0.358	0.470
recA	rpsI	208964.PA3617	208964.PA4432	0.109	0	0.199	0	0.052	0	0	0.319	0.477
recA	rpsK	208964.PA3617	208964.PA4240	0.069	0	0.202	0	0.056	0	0	0.348	0.482
recA	rpsM	208964.PA3617	208964.PA4241	0.064	0	0.288	0	0.052	0	0	0.317	0.511
recA	rplD	208964.PA3617	208964.PA4262	0.123	0	0.152	0	0.055	0	0	0.400	0.522
recA	rplI	208964.PA3617	208964.PA4932	0.186	0	0.249	0	0.093	0	0	0.244	0.524
recA	trmD	208964.PA3617	208964.PA3743	0	0	0.357	0	0.102	0	0	0.245	0.525
recA	rpsB	208964.PA3617	208964.PA3656	0.184	0	0.198	0	0.068	0	0	0.429	0.605
recA	rplS	208964.PA3617	208964.PA3742	0	0	0.511	0	0.069	0	0	0.276	0.641
recA	rpsL	208964.PA3617	208964.PA4268	0	0	0	0	0	0	0	0.661	0.661
recA	rplU	208964.PA3617	208964.PA4568	0.062	0	0.584	0	0.081	0	0	0.175	0.664
recA	rpmA	208964.PA3617	208964.PA4567	0.061	0	0.476	0	0.126	0	0	0.357	0.686
recA	tsf	208964.PA3617	208964.PA3655	0.182	0	0.342	0	0.056	0	0	0.457	0.687
recA	rpoC	208964.PA3617	208964.PA4269	0.160	0	0.258	0	0.065	0.199	0	0.608	0.784
recA	rpoB	208964.PA3617	208964.PA4270	0.134	0	0.359	0	0.067	0.386	0.118	0.921	0.972
recA	recN	208964.PA3617	208964.PA4763	0.154	0	0	0	0.750	0	0	0.920	0.981
recN	sulA	208964.PA4763	208964.PA3008	0	0	0	0	0.886	0	0	0.219	0.907
rimM	rpsU	208964.PA3744	208964.PA0579	0	0	0.197	0	0.718	0	0	0	0.764
rimM	rplT	208964.PA3744	208964.PA2741	0.055	0	0	0	0.455	0	0	0	0.463
rimM	rpmI	208964.PA3744	208964.PA2742	0.056	0	0.203	0	0.503	0	0	0	0.593
rimM	rpmF	208964.PA3744	208964.PA2970	0.186	0	0	0	0.667	0.126	0	0.242	0.796
rimM	tsf	208964.PA3744	208964.PA3655	0.110	0	0	0	0.904	0	0	0.358	0.940
rimM	rpsB	208964.PA3744	208964.PA3656	0.129	0	0	0	0.947	0	0	0.358	0.968
rimM	rplS	208964.PA3744	208964.PA3742	0.695	0	0.184	0	0.922	0	0	0.358	0.985
rimM	trmD	208964.PA3744	208964.PA3743	0.806	0	0	0	0.986	0	0	0.593	0.998
rimM	rpoC	208964.PA3744	208964.PA4269	0	0	0	0	0.335	0	0	0.142	0.405
rimM	tpiA	208964.PA3744	208964.PA4748	0.072	0	0	0	0.460	0	0	0	0.477
rimM	rpmJ	208964.PA3744	208964.PA4242	0	0	0	0	0.736	0	0	0	0.736
rimM	rpmA	208964.PA3744	208964.PA4567	0.085	0	0	0	0.754	0	0	0	0.765
rimM	rpmB	208964.PA3744	208964.PA5316	0.103	0	0	0	0.689	0	0	0.240	0.769
rimM	rpoB	208964.PA3744	208964.PA4270	0	0	0	0	0.736	0	0	0.171	0.772
rimM	rplU	208964.PA3744	208964.PA4568	0.139	0	0	0	0.742	0	0	0.097	0.782
rimM	rpsI	208964.PA3744	208964.PA4432	0.183	0	0	0	0.777	0	0	0	0.810
rimM	rplI	208964.PA3744	208964.PA4932	0	0	0	0	0.752	0.126	0	0.225	0.817
rimM	rpsM	208964.PA3744	208964.PA4241	0	0	0	0	0.876	0	0	0	0.876
rimM	rpsK	208964.PA3744	208964.PA4240	0	0	0	0	0.914	0	0	0.140	0.923
rimM	rplD	208964.PA3744	208964.PA4262	0	0	0	0	0.925	0	0	0	0.925
rimM	rpsL	208964.PA3744	208964.PA4268	0	0	0	0	0.914	0	0	0.235	0.931
rimM	rpsR	208964.PA3744	208964.PA4934	0	0	0.175	0	0.943	0	0	0.358	0.967
rimM	rpsF	208964.PA3744	208964.PA4935	0	0	0.401	0	0.949	0	0	0.241	0.974
rimM	rpsP	208964.PA3744	208964.PA3745	0.779	0	0.160	0	0.976	0	0	0.358	0.996
rluB	rplS	208964.PA3179	208964.PA3742	0.058	0	0.258	0	0.123	0	0	0.137	0.400
rluB	rpsR	208964.PA3179	208964.PA4934	0.113	0	0.277	0	0.096	0.141	0	0.052	0.441
rluB	tsf	208964.PA3179	208964.PA3655	0.177	0	0.312	0	0.185	0	0	0	0.498
rplD	rpsU	208964.PA4262	208964.PA0579	0	0	0.257	0	0.474	0.959	0	0.166	0.985
rplD	rplT	208964.PA4262	208964.PA2741	0	0	0.351	0	0.947	0.959	0	0.845	0.999
rplD	rpmI	208964.PA4262	208964.PA2742	0	0	0.174	0	0.929	0.959	0	0.229	0.997
rplD	rpmF	208964.PA4262	208964.PA2970	0.061	0	0.241	0	0.859	0.959	0	0.230	0.996
rplD	tsf	208964.PA4262	208964.PA3655	0.059	0	0.265	0	0.947	0	0.152	0.798	0.992
rplD	rpsB	208964.PA4262	208964.PA3656	0.186	0	0.393	0	0.973	0.959	0.924	0.919	0.999
rplD	rplS	208964.PA4262	208964.PA3742	0	0	0.165	0	0.924	0.959	0	0.872	0.999
rplD	trmD	208964.PA4262	208964.PA3743	0	0	0.182	0	0.948	0	0	0	0.956
rplD	rpsP	208964.PA4262	208964.PA3745	0	0	0.165	0	0.931	0.959	0	0.297	0.998
rplD	rpsK	208964.PA4262	208964.PA4240	0.343	0	0.320	0	0.976	0.959	0.924	0.919	0.999
rplD	rpsM	208964.PA4262	208964.PA4241	0.349	0	0.226	0	0.986	0.959	0.924	0.872	0.999
rplD	rpmJ	208964.PA4262	208964.PA4242	0.415	0	0	0	0.971	0.959	0	0.200	0.999
rplD	tpiA	208964.PA4262	208964.PA4748	0	0	0.168	0	0.201	0.091	0	0.164	0.427
rplD	rpoC	208964.PA4262	208964.PA4269	0.307	0	0	0	0.922	0.500	0	0.240	0.976
rplD	rpoB	208964.PA4262	208964.PA4270	0.294	0	0	0	0.949	0.506	0	0.658	0.993
rplD	rpmB	208964.PA4262	208964.PA5316	0.059	0	0	0	0.936	0.959	0	0.417	0.998
rplD	rplU	208964.PA4262	208964.PA4568	0	0	0	0	0.946	0.959	0	0.566	0.998
rplD	rpsF	208964.PA4262	208964.PA4935	0	0	0	0	0.965	0.959	0	0.297	0.998
rplD	rpsI	208964.PA4262	208964.PA4432	0.186	0	0.221	0	0.921	0.959	0	0.879	0.999
rplD	rpsR	208964.PA4262	208964.PA4934	0	0	0.240	0	0.977	0.959	0	0.435	0.999
rplD	rpsL	208964.PA4262	208964.PA4268	0.345	0	0.520	0	0.979	0.959	0.924	0.358	0.999
rplD	rpmA	208964.PA4262	208964.PA4567	0.061	0	0	0	0.920	0.959	0	0.905	0.999
rplD	rplI	208964.PA4262	208964.PA4932	0.060	0	0.208	0	0.947	0.959	0	0.545	0.999
rplI	rpsU	208964.PA4932	208964.PA0579	0	0	0	0	0.542	0.959	0	0.242	0.984
rplI	rplT	208964.PA4932	208964.PA2741	0.080	0	0.183	0	0.969	0.959	0	0.664	0.999
rplI	rpmI	208964.PA4932	208964.PA2742	0.089	0	0	0	0.658	0.959	0	0.407	0.991
rplI	rpmF	208964.PA4932	208964.PA2970	0	0	0.194	0	0.811	0.959	0	0.243	0.994
rplI	tsf	208964.PA4932	208964.PA3655	0	0	0	0	0.949	0	0.160	0.591	0.981
rplI	rpsB	208964.PA4932	208964.PA3656	0	0	0.162	0	0.953	0.959	0	0.742	0.999
rplI	rplS	208964.PA4932	208964.PA3742	0	0	0.175	0	0.949	0.959	0	0.418	0.998
rplI	trmD	208964.PA4932	208964.PA3743	0	0	0	0	0.725	0	0	0.243	0.783
rplI	rpsP	208964.PA4932	208964.PA3745	0	0	0.177	0	0.912	0.959	0	0.358	0.997
rplI	rpsK	208964.PA4932	208964.PA4240	0.081	0	0	0	0.930	0.959	0	0.357	0.998
rplI	rpsM	208964.PA4932	208964.PA4241	0.091	0	0	0	0.793	0.959	0	0.410	0.994
rplI	rpmJ	208964.PA4932	208964.PA4242	0.068	0	0	0	0.606	0.959	0	0.155	0.985
rplI	rpsL	208964.PA4932	208964.PA4268	0.081	0	0	0	0.862	0.959	0	0.102	0.994
rplI	rpoC	208964.PA4932	208964.PA4269	0	0	0.288	0	0.444	0.502	0	0.357	0.856
rplI	rpoB	208964.PA4932	208964.PA4270	0	0	0.222	0	0.668	0.492	0	0.200	0.881
rplI	rpsI	208964.PA4932	208964.PA4432	0	0	0	0	0.927	0.959	0	0.358	0.997
rplI	rpmA	208964.PA4932	208964.PA4567	0.069	0	0	0	0.946	0.959	0	0.358	0.998
rplI	rplU	208964.PA4932	208964.PA4568	0.071	0	0.189	0	0.921	0.959	0	0.532	0.998
rplI	rpmB	208964.PA4932	208964.PA5316	0.082	0	0	0	0.868	0.979	0	0.244	0.997
rplI	rpsF	208964.PA4932	208964.PA4935	0.609	0	0.196	0	0.976	0.959	0	0.606	0.999
rplI	rpsR	208964.PA4932	208964.PA4934	0.667	0	0.291	0	0.976	0.959	0	0.706	0.999
rplS	rpoD	208964.PA3742	208964.PA0576	0.065	0	0.285	0	0.092	0	0	0.194	0.445
rplS	rpsU	208964.PA3742	208964.PA0579	0.182	0	0	0	0.893	0.959	0	0.566	0.998
rplS	rplT	208964.PA3742	208964.PA2741	0.158	0	0.565	0	0.947	0.959	0	0.888	0.999
rplS	rpmI	208964.PA3742	208964.PA2742	0.079	0	0	0	0.922	0.959	0	0.358	0.997
rplS	rpmF	208964.PA3742	208964.PA2970	0.186	0	0	0	0.932	0.959	0	0.457	0.998
rplS	tsf	208964.PA3742	208964.PA3655	0.149	0	0.465	0	0.931	0.107	0.160	0.837	0.995
rplS	rpsB	208964.PA3742	208964.PA3656	0.168	0	0.176	0	0.968	0.959	0	0.920	0.999
rplS	rpoC	208964.PA3742	208964.PA4269	0	0	0.234	0	0.199	0.502	0	0.246	0.738
rplS	rpoB	208964.PA3742	208964.PA4270	0	0	0.300	0	0.682	0.492	0	0.612	0.950
rplS	rpmJ	208964.PA3742	208964.PA4242	0.044	0	0	0	0.798	0.959	0	0.225	0.993
rplS	trmD	208964.PA3742	208964.PA3743	0.695	0	0.733	0	0.929	0	0	0.439	0.996
rplS	rpsL	208964.PA3742	208964.PA4268	0	0	0.152	0	0.916	0.959	0	0.243	0.997
rplS	rpmB	208964.PA3742	208964.PA5316	0.131	0	0	0	0.948	0.959	0	0.446	0.998
rplS	rplU	208964.PA3742	208964.PA4568	0.172	0	0.608	0	0.921	0.959	0	0.566	0.999
rplS	rpsI	208964.PA3742	208964.PA4432	0.180	0	0.159	0	0.930	0.959	0	0.920	0.999
rplS	rpsR	208964.PA3742	208964.PA4934	0	0	0.625	0	0.949	0.959	0	0.351	0.999
rplS	rpsP	208964.PA3742	208964.PA3745	0.674	0	0.621	0	0.930	0.959	0	0.794	0.999
rplS	rpsM	208964.PA3742	208964.PA4241	0.059	0	0.372	0	0.921	0.959	0	0.918	0.999
rplS	rpsK	208964.PA3742	208964.PA4240	0.060	0	0	0	0.924	0.959	0	0.886	0.999
rplS	rpmA	208964.PA3742	208964.PA4567	0.134	0	0.636	0	0.924	0.959	0	0.919	0.999
rplS	rpsF	208964.PA3742	208964.PA4935	0	0	0.177	0	0.971	0.959	0	0.534	0.999
rplT	rpoD	208964.PA2741	208964.PA0576	0.094	0	0.382	0	0.120	0	0	0.239	0.575
rplT	rpsU	208964.PA2741	208964.PA0579	0.068	0	0	0	0.591	0.959	0	0.357	0.988
rplT	tpiA	208964.PA2741	208964.PA4748	0.056	0	0.163	0	0.218	0	0	0.357	0.549
rplT	rpoC	208964.PA2741	208964.PA4269	0	0	0.231	0	0.124	0.492	0	0.239	0.704
rplT	trmD	208964.PA2741	208964.PA3743	0.068	0	0.432	0	0.627	0	0	0.079	0.793
rplT	rpoB	208964.PA2741	208964.PA4270	0	0	0.298	0	0.613	0.492	0	0.565	0.932
rplT	tsf	208964.PA2741	208964.PA3655	0.062	0	0.510	0	0.925	0	0.160	0.844	0.994
rplT	rpmJ	208964.PA2741	208964.PA4242	0	0	0	0	0.856	0.959	0	0.354	0.995
rplT	rpmB	208964.PA2741	208964.PA5316	0.186	0	0	0	0.851	0.959	0	0.349	0.996
rplT	rpsL	208964.PA2741	208964.PA4268	0	0	0	0	0.928	0.959	0	0.307	0.997
rplT	rpsP	208964.PA2741	208964.PA3745	0.061	0	0.267	0	0.936	0.959	0	0.358	0.998
rplT	rpsM	208964.PA2741	208964.PA4241	0.043	0	0.299	0	0.946	0.959	0	0.869	0.999
rplT	rpmF	208964.PA2741	208964.PA2970	0.158	0	0	0	0.947	0.979	0	0.357	0.999
rplT	rpsK	208964.PA2741	208964.PA4240	0.041	0	0.405	0	0.931	0.959	0	0.858	0.999
rplT	rplU	208964.PA2741	208964.PA4568	0.094	0	0.439	0	0.946	0.979	0	0.468	0.999
rplT	rpsR	208964.PA2741	208964.PA4934	0.084	0	0.482	0	0.968	0.959	0	0.457	0.999
rplT	rpsI	208964.PA2741	208964.PA4432	0.185	0	0.364	0	0.941	0.959	0	0.845	0.999
rplT	rpmI	208964.PA2741	208964.PA2742	0.748	0	0	0	0.953	0.959	0	0.792	0.999
rplT	rpsB	208964.PA2741	208964.PA3656	0.172	0	0.315	0	0.944	0.959	0	0.872	0.999
rplT	rpsF	208964.PA2741	208964.PA4935	0.099	0	0.167	0	0.964	0.959	0	0.243	0.999
rplT	rpmA	208964.PA2741	208964.PA4567	0.069	0	0.413	0	0.948	0.959	0	0.872	0.999
rplU	rpoD	208964.PA4568	208964.PA0576	0.105	0	0.374	0	0.190	0	0	0.225	0.601
rplU	rpsU	208964.PA4568	208964.PA0579	0.054	0	0	0	0.926	0.959	0	0.329	0.997
rplU	rpmI	208964.PA4568	208964.PA2742	0.054	0	0	0	0.978	0.959	0	0.349	0.999
rplU	rpmF	208964.PA4568	208964.PA2970	0.107	0	0	0	0.974	0.959	0	0.358	0.999
rplU	tsf	208964.PA4568	208964.PA3655	0.061	0	0.466	0	0.931	0	0.160	0.358	0.977
rplU	rpsB	208964.PA4568	208964.PA3656	0.094	0	0	0	0.944	0.959	0	0.607	0.999
rplU	trmD	208964.PA4568	208964.PA3743	0.170	0	0.451	0	0.630	0	0	0.096	0.827
rplU	rpsP	208964.PA4568	208964.PA3745	0.178	0	0.165	0	0.949	0.959	0	0.358	0.998
rplU	rpsK	208964.PA4568	208964.PA4240	0.042	0	0	0	0.928	0.959	0	0.384	0.998
rplU	rpsM	208964.PA4568	208964.PA4241	0.051	0	0	0	0.958	0.959	0	0.386	0.998
rplU	rpmJ	208964.PA4568	208964.PA4242	0.057	0	0	0	0.936	0.959	0	0.224	0.997
rplU	rpsL	208964.PA4568	208964.PA4268	0.047	0	0	0	0.975	0.959	0	0.477	0.999
rplU	rpoC	208964.PA4568	208964.PA4269	0.063	0	0.194	0	0.281	0.492	0	0.146	0.721
rplU	rpoB	208964.PA4568	208964.PA4270	0.068	0	0.168	0	0.421	0.492	0	0.400	0.838
rplU	rpsI	208964.PA4568	208964.PA4432	0.186	0	0.254	0	0.926	0.959	0	0.457	0.998
rplU	rpmA	208964.PA4568	208964.PA4567	0.748	0	0.391	0	0.958	0.959	0	0.845	0.999
rplU	tpiA	208964.PA4568	208964.PA4748	0.063	0	0.186	0	0.299	0	0	0.137	0.477
rplU	rpsF	208964.PA4568	208964.PA4935	0.060	0	0	0	0.943	0.959	0	0.565	0.998
rplU	rpmB	208964.PA4568	208964.PA5316	0.140	0	0	0	0.977	0.959	0	0.796	0.999
rplU	rpsR	208964.PA4568	208964.PA4934	0.059	0	0.416	0	0.934	0.959	0	0.530	0.999
rpmA	rpoD	208964.PA4567	208964.PA0576	0.105	0	0.179	0	0.146	0	0	0.205	0.435
rpmA	rpsU	208964.PA4567	208964.PA0579	0.041	0	0	0	0.922	0.959	0	0.282	0.997
rpmA	rpmI	208964.PA4567	208964.PA2742	0	0	0	0	0.882	0.959	0	0.241	0.996
rpmA	rpmF	208964.PA4567	208964.PA2970	0.145	0	0	0	0.949	0.959	0	0.357	0.998
rpmA	tsf	208964.PA4567	208964.PA3655	0.068	0	0.187	0	0.902	0	0.160	0.799	0.985
rpmA	rpsB	208964.PA4567	208964.PA3656	0.104	0	0.198	0	0.946	0.959	0	0.871	0.999
rpmA	trmD	208964.PA4567	208964.PA3743	0.140	0	0.451	0	0.774	0	0	0.319	0.917
rpmA	rpsP	208964.PA4567	208964.PA3745	0.153	0	0.309	0	0.947	0.959	0	0.358	0.999
rpmA	rpsK	208964.PA4567	208964.PA4240	0.089	0	0.184	0	0.892	0.959	0	0.872	0.999
rpmA	rpsM	208964.PA4567	208964.PA4241	0.086	0	0.283	0	0.911	0.959	0	0.880	0.999
rpmA	rpmJ	208964.PA4567	208964.PA4242	0	0	0	0	0.742	0.959	0	0.450	0.993
rpmA	rpsL	208964.PA4567	208964.PA4268	0.129	0	0.376	0	0.921	0.959	0	0.358	0.998
rpmA	rpoC	208964.PA4567	208964.PA4269	0.130	0	0.183	0	0.321	0.549	0	0.097	0.767
rpmA	rpoB	208964.PA4567	208964.PA4270	0.186	0	0.225	0	0.510	0.492	0	0.661	0.937
rpmA	rpsI	208964.PA4567	208964.PA4432	0.186	0	0.202	0	0.949	0.959	0	0.871	0.999
rpmA	tpiA	208964.PA4567	208964.PA4748	0.064	0	0.208	0	0.501	0	0	0	0.598
rpmA	rpsF	208964.PA4567	208964.PA4935	0.060	0	0	0	0.943	0.959	0	0.446	0.998
rpmA	rpsR	208964.PA4567	208964.PA4934	0.059	0	0.301	0	0.944	0.959	0	0.346	0.998
rpmA	rpmB	208964.PA4567	208964.PA5316	0.133	0	0	0	0.944	0.959	0	0.843	0.999
rpmB	rpsU	208964.PA5316	208964.PA0579	0	0	0	0	0.965	0.959	0	0.358	0.999
rpmB	rpmI	208964.PA5316	208964.PA2742	0.183	0	0	0	0.927	0.959	0	0.358	0.998
rpmB	rpmF	208964.PA5316	208964.PA2970	0.186	0	0	0	0.977	0.959	0	0.358	0.999
rpmB	tsf	208964.PA5316	208964.PA3655	0.105	0	0	0	0.695	0	0	0	0.715
rpmB	rpsB	208964.PA5316	208964.PA3656	0.113	0	0	0	0.883	0.959	0	0.450	0.997
rpmB	trmD	208964.PA5316	208964.PA3743	0.108	0	0	0	0.744	0	0	0	0.761
rpmB	rpsP	208964.PA5316	208964.PA3745	0.145	0	0	0	0.946	0.959	0	0.358	0.998
rpmB	rpsK	208964.PA5316	208964.PA4240	0.083	0	0	0	0.951	0.959	0	0.253	0.998
rpmB	rpsM	208964.PA5316	208964.PA4241	0.085	0	0	0	0.912	0.959	0	0.260	0.997
rpmB	rpmJ	208964.PA5316	208964.PA4242	0.120	0	0	0	0.737	0.959	0	0.678	0.996
rpmB	rpsL	208964.PA5316	208964.PA4268	0.181	0	0	0	0.968	0.959	0	0.259	0.999
rpmB	rpoC	208964.PA5316	208964.PA4269	0	0	0	0	0.193	0.492	0	0	0.572
rpmB	rpoB	208964.PA5316	208964.PA4270	0	0	0	0	0.328	0.492	0	0	0.644
rpmB	rpsI	208964.PA5316	208964.PA4432	0.127	0	0	0	0.935	0.959	0	0.426	0.998
rpmB	rpsR	208964.PA5316	208964.PA4934	0.186	0	0.286	0	0.945	0.959	0	0.358	0.999
rpmB	rpsF	208964.PA5316	208964.PA4935	0.095	0	0.323	0	0.948	0.959	0	0.358	0.999
rpmF	rpsU	208964.PA2970	208964.PA0579	0	0	0.214	0	0.848	0.959	0	0.725	0.998
rpmF	rpmI	208964.PA2970	208964.PA2742	0.145	0	0	0	0.948	0.959	0	0.358	0.998
rpmF	rpoC	208964.PA2970	208964.PA4269	0	0	0	0	0.225	0.492	0	0.138	0.631
rpmF	tpiA	208964.PA2970	208964.PA4748	0.180	0	0	0	0.528	0	0	0.171	0.651
rpmF	rpoB	208964.PA2970	208964.PA4270	0	0	0	0	0.526	0.492	0	0	0.749
rpmF	trmD	208964.PA2970	208964.PA3743	0.186	0	0	0	0.647	0	0	0.253	0.767
rpmF	tsf	208964.PA2970	208964.PA3655	0.094	0	0	0	0.896	0	0.160	0.242	0.932
rpmF	rpmJ	208964.PA2970	208964.PA4242	0.122	0	0	0	0.833	0.959	0	0.227	0.994
rpmF	rpsK	208964.PA2970	208964.PA4240	0.112	0	0	0	0.924	0.959	0	0.241	0.997
rpmF	rpsB	208964.PA2970	208964.PA3656	0.168	0	0	0	0.946	0.959	0	0.362	0.998
rpmF	rpsP	208964.PA2970	208964.PA3745	0.186	0	0	0	0.949	0.959	0	0.358	0.998
rpmF	rpsM	208964.PA2970	208964.PA4241	0.111	0	0	0	0.927	0.959	0	0.357	0.998
rpmF	rpsL	208964.PA2970	208964.PA4268	0	0	0	0	0.946	0.959	0	0.358	0.998
rpmF	rpsI	208964.PA2970	208964.PA4432	0.052	0	0	0	0.946	0.959	0	0.456	0.998
rpmF	rpsR	208964.PA2970	208964.PA4934	0.186	0	0.155	0	0.941	0.959	0	0.243	0.998
rpmF	rpsF	208964.PA2970	208964.PA4935	0.178	0	0.218	0	0.948	0.959	0	0.498	0.999
rpmI	rpsU	208964.PA2742	208964.PA0579	0.094	0	0	0	0.826	0.959	0	0.358	0.995
rpmI	rpoC	208964.PA2742	208964.PA4269	0.045	0	0	0	0.389	0.492	0	0.123	0.705
rpmI	rpoB	208964.PA2742	208964.PA4270	0	0	0	0	0.615	0.492	0	0	0.796
rpmI	tsf	208964.PA2742	208964.PA3655	0	0	0	0	0.821	0	0	0.242	0.858
rpmI	rpsI	208964.PA2742	208964.PA4432	0.185	0	0	0	0.754	0.959	0	0.242	0.993
rpmI	rpsK	208964.PA2742	208964.PA4240	0	0	0	0	0.926	0.959	0	0.330	0.997
rpmI	rpsB	208964.PA2742	208964.PA3656	0.138	0	0	0	0.924	0.959	0	0.256	0.997
rpmI	rpsM	208964.PA2742	208964.PA4241	0	0	0	0	0.948	0.959	0	0.317	0.998
rpmI	rpsR	208964.PA2742	208964.PA4934	0.095	0	0	0	0.944	0.959	0	0.358	0.998
rpmI	rpsL	208964.PA2742	208964.PA4268	0	0	0	0	0.948	0.959	0	0.295	0.998
rpmI	rpmJ	208964.PA2742	208964.PA4242	0	0	0	0	0.962	0.954	0	0.230	0.998
rpmI	rpsF	208964.PA2742	208964.PA4935	0.112	0	0.202	0	0.931	0.959	0	0.358	0.998
rpmI	rpsP	208964.PA2742	208964.PA3745	0.065	0	0	0	0.928	0.959	0	0.799	0.999
rpmJ	rpsU	208964.PA4242	208964.PA0579	0	0	0	0	0.618	0.959	0	0.171	0.986
rpmJ	tsf	208964.PA4242	208964.PA3655	0	0	0	0	0.610	0	0.155	0.146	0.694
rpmJ	rpsB	208964.PA4242	208964.PA3656	0	0	0	0	0.815	0.959	0	0.171	0.993
rpmJ	trmD	208964.PA4242	208964.PA3743	0.053	0	0	0	0.569	0	0	0	0.574
rpmJ	rpsP	208964.PA4242	208964.PA3745	0.056	0	0	0	0.799	0.959	0	0.242	0.993
rpmJ	rpsK	208964.PA4242	208964.PA4240	0.547	0	0	0	0.966	0.959	0	0.225	0.999
rpmJ	rpsM	208964.PA4242	208964.PA4241	0.569	0	0	0	0.986	0.959	0	0.225	0.999
rpmJ	rpoC	208964.PA4242	208964.PA4269	0.270	0	0	0	0.428	0.492	0	0	0.769
rpmJ	rpoB	208964.PA4242	208964.PA4270	0.252	0	0	0	0.718	0.492	0	0.175	0.899
rpmJ	rpsI	208964.PA4242	208964.PA4432	0.123	0	0	0	0.532	0.959	0	0.171	0.984
rpmJ	rpsR	208964.PA4242	208964.PA4934	0	0	0	0	0.794	0.959	0	0.385	0.994
rpmJ	rpsF	208964.PA4242	208964.PA4935	0	0	0	0	0.920	0.959	0	0.225	0.997
rpmJ	rpsL	208964.PA4242	208964.PA4268	0.286	0	0	0	0.979	0.959	0	0.225	0.999
rpoB	rpoD	208964.PA4270	208964.PA0576	0.091	0	0.711	0	0.357	0.979	0	0.949	0.999
rpoB	rpsU	208964.PA4270	208964.PA0579	0	0	0	0	0.179	0.515	0	0.357	0.721
rpoB	sucB	208964.PA4270	208964.PA1586	0	0	0	0	0.521	0	0	0.143	0.572
rpoB	tsf	208964.PA4270	208964.PA3655	0.078	0	0.204	0	0.934	0	0	0.725	0.985
rpoB	rpsB	208964.PA4270	208964.PA3656	0.095	0	0.717	0	0.907	0.574	0	0.663	0.995
rpoB	trmD	208964.PA4270	208964.PA3743	0.153	0	0.366	0	0.876	0	0	0.240	0.942
rpoB	rpsP	208964.PA4270	208964.PA3745	0.064	0	0.254	0	0.623	0.492	0	0.243	0.880
rpoB	rpsK	208964.PA4270	208964.PA4240	0.269	0	0.194	0	0.949	0.610	0	0.663	0.995
rpoB	rpsM	208964.PA4270	208964.PA4241	0.270	0	0.355	0	0.948	0.756	0	0.661	0.997
rpoB	rpsL	208964.PA4270	208964.PA4268	0.467	0	0.501	0	0.921	0.492	0	0.919	0.998
rpoB	rpoC	208964.PA4270	208964.PA4269	0.646	0.899	0.773	0	0.985	0.979	0.924	0.969	0.999
rpoB	tpiA	208964.PA4270	208964.PA4748	0.085	0	0	0	0.079	0.096	0	0.465	0.538
rpoB	rpsR	208964.PA4270	208964.PA4934	0.069	0	0.218	0	0.686	0.492	0	0.097	0.876
rpoB	rpsF	208964.PA4270	208964.PA4935	0.133	0	0.168	0	0.778	0.506	0	0.098	0.915
rpoB	rpsI	208964.PA4270	208964.PA4432	0.124	0	0.192	0	0.574	0.492	0	0.606	0.928
rpoC	rpoD	208964.PA4269	208964.PA0576	0.094	0	0.648	0	0.173	0.979	0	0.839	0.998
rpoC	rpsU	208964.PA4269	208964.PA0579	0	0	0	0	0	0.492	0	0.357	0.659
rpoC	sucB	208964.PA4269	208964.PA1586	0	0	0	0	0.480	0	0	0	0.480
rpoC	tsf	208964.PA4269	208964.PA3655	0.096	0	0.223	0	0.566	0	0	0.386	0.788
rpoC	rpsB	208964.PA4269	208964.PA3656	0.121	0.446	0.697	0	0.655	0.579	0	0.358	0.983
rpoC	trmD	208964.PA4269	208964.PA3743	0.137	0	0.354	0	0.604	0	0	0.061	0.765
rpoC	rpsP	208964.PA4269	208964.PA3745	0.063	0	0.280	0	0.456	0.502	0	0.169	0.820
rpoC	rpsK	208964.PA4269	208964.PA4240	0.271	0	0.163	0	0.913	0.579	0	0.312	0.981
rpoC	rpsM	208964.PA4269	208964.PA4241	0.271	0	0.194	0	0.803	0.591	0	0.239	0.957
rpoC	rpsL	208964.PA4269	208964.PA4268	0.554	0	0.548	0	0.637	0.492	0	0.724	0.987
rpoC	rpsF	208964.PA4269	208964.PA4935	0.166	0	0	0	0.369	0.492	0	0.139	0.739
rpoC	rpsI	208964.PA4269	208964.PA4432	0.121	0	0.250	0	0.317	0.492	0	0.168	0.775
rpoC	rpsR	208964.PA4269	208964.PA4934	0.101	0	0.193	0	0.356	0.492	0	0.357	0.819
rpoD	rpsK	208964.PA0576	208964.PA4240	0.060	0	0.225	0	0.233	0	0	0.097	0.428
rpoD	rpsM	208964.PA0576	208964.PA4241	0.062	0	0.209	0	0.186	0	0	0.167	0.430
rpoD	rpsI	208964.PA0576	208964.PA4432	0.105	0	0.261	0	0.132	0	0	0.134	0.437
rpoD	rpsL	208964.PA0576	208964.PA4268	0	0	0.165	0	0.172	0	0	0.346	0.509
rpoD	trmD	208964.PA0576	208964.PA3743	0.102	0	0.475	0	0.122	0	0	0	0.550
rpoD	rpsB	208964.PA0576	208964.PA3656	0.094	0	0.457	0	0.154	0	0	0.171	0.609
rpoD	rpsU	208964.PA0576	208964.PA0579	0.427	0	0	0	0.078	0	0	0.359	0.632
rpoD	tsf	208964.PA0576	208964.PA3655	0.098	0	0.386	0	0.232	0	0	0.490	0.754
rpsB	rpsU	208964.PA3656	208964.PA0579	0.061	0	0	0	0.837	0.959	0	0.511	0.996
rpsB	tsf	208964.PA3656	208964.PA3655	0.569	0	0.204	0	0.976	0.091	0.155	0.882	0.999
rpsB	tpiA	208964.PA3656	208964.PA4748	0.053	0	0.182	0	0.445	0	0	0.098	0.560
rpsB	trmD	208964.PA3656	208964.PA3743	0.168	0	0.258	0	0.948	0	0	0.358	0.976
rpsB	rpsR	208964.PA3656	208964.PA4934	0.063	0	0.292	0	0.969	0.959	0.540	0.422	0.999
rpsB	rpsI	208964.PA3656	208964.PA4432	0.186	0	0.414	0	0.950	0.959	0.963	0.919	0.999
rpsB	rpsL	208964.PA3656	208964.PA4268	0.072	0	0.644	0	0.949	0.959	0.924	0.358	0.999
rpsB	rpsK	208964.PA3656	208964.PA4240	0.186	0	0.402	0	0.947	0.959	0.963	0.884	0.999
rpsB	rpsM	208964.PA3656	208964.PA4241	0.186	0	0.480	0	0.946	0.959	0.924	0.879	0.999
rpsB	rpsP	208964.PA3656	208964.PA3745	0.134	0	0.415	0	0.967	0.959	0.924	0.358	0.999
rpsB	rpsF	208964.PA3656	208964.PA4935	0.065	0	0	0	0.976	0.959	0.963	0.725	0.999
rpsF	rpsU	208964.PA4935	208964.PA0579	0	0	0.241	0	0.807	0.959	0	0.611	0.997
rpsF	tsf	208964.PA4935	208964.PA3655	0.067	0	0	0	0.930	0	0.160	0.252	0.953
rpsF	trmD	208964.PA4935	208964.PA3743	0.044	0	0	0	0.971	0	0	0.240	0.977
rpsF	rpsP	208964.PA4935	208964.PA3745	0	0	0.160	0	0.959	0.959	0.924	0.358	0.999
rpsF	rpsK	208964.PA4935	208964.PA4240	0.074	0	0	0	0.947	0.959	0.963	0.358	0.999
rpsF	rpsM	208964.PA4935	208964.PA4241	0.078	0	0	0	0.946	0.959	0	0.413	0.998
rpsF	rpsL	208964.PA4935	208964.PA4268	0.121	0	0	0	0.933	0.959	0.923	0.356	0.999
rpsF	rpsI	208964.PA4935	208964.PA4432	0	0	0	0	0.944	0.959	0.963	0.511	0.999
rpsF	tpiA	208964.PA4935	208964.PA4748	0.060	0	0	0	0.170	0	0	0.358	0.455
rpsF	rpsR	208964.PA4935	208964.PA4934	0.729	0	0.175	0	0.989	0.979	0.540	0.920	0.999
rpsI	rpsU	208964.PA4432	208964.PA0579	0	0	0	0	0.762	0.959	0	0.792	0.997
rpsI	tsf	208964.PA4432	208964.PA3655	0.186	0	0.182	0	0.949	0	0.160	0.794	0.993
rpsI	trmD	208964.PA4432	208964.PA3743	0.182	0	0	0	0.771	0	0	0.358	0.869
rpsI	rpsP	208964.PA4432	208964.PA3745	0.180	0	0.151	0	0.970	0.959	0.924	0.457	0.999
rpsI	rpsK	208964.PA4432	208964.PA4240	0.186	0	0.651	0	0.901	0.959	0.963	0.879	0.999
rpsI	rpsM	208964.PA4432	208964.PA4241	0.186	0	0.634	0	0.911	0.959	0	0.881	0.999
rpsI	rpsL	208964.PA4432	208964.PA4268	0.186	0	0.186	0	0.921	0.959	0.923	0.358	0.999
rpsI	tpiA	208964.PA4432	208964.PA4748	0	0	0.188	0	0.501	0	0	0	0.578
rpsI	rpsR	208964.PA4432	208964.PA4934	0	0	0.273	0	0.939	0.959	0.540	0.448	0.999
rpsK	rpsU	208964.PA4240	208964.PA0579	0.065	0	0	0	0.615	0.979	0	0.777	0.998
rpsK	tsf	208964.PA4240	208964.PA3655	0.060	0	0	0	0.948	0	0.152	0.799	0.990
rpsK	trmD	208964.PA4240	208964.PA3743	0.064	0	0	0	0.923	0	0	0	0.925
rpsK	rpsP	208964.PA4240	208964.PA3745	0.096	0	0.167	0	0.917	0.959	0.924	0.358	0.999
rpsK	rpsR	208964.PA4240	208964.PA4934	0	0	0.236	0	0.950	0.979	0.540	0.242	0.999
rpsK	rpsL	208964.PA4240	208964.PA4268	0.276	0	0.444	0	0.958	0.959	0.924	0.358	0.999
rpsK	rpsM	208964.PA4240	208964.PA4241	0.767	0.720	0.737	0	0.986	0.959	0.924	0.920	0.999
rpsL	rpsU	208964.PA4268	208964.PA0579	0	0	0	0	0.780	0.959	0	0.171	0.991
rpsL	tsf	208964.PA4268	208964.PA3655	0.059	0	0	0	0.946	0	0.155	0.358	0.969
rpsL	trmD	208964.PA4268	208964.PA3743	0	0	0.154	0	0.841	0	0	0.241	0.889
rpsL	rpsP	208964.PA4268	208964.PA3745	0.051	0	0.276	0	0.946	0.959	0.923	0.529	0.999
rpsL	rpsM	208964.PA4268	208964.PA4241	0.277	0	0.520	0	0.986	0.959	0.924	0.358	0.999
rpsL	rpsR	208964.PA4268	208964.PA4934	0.073	0	0	0	0.946	0.959	0	0.566	0.999
rpsM	rpsU	208964.PA4241	208964.PA0579	0.062	0	0	0	0.595	0.959	0	0.357	0.988
rpsM	tsf	208964.PA4241	208964.PA3655	0.059	0	0	0	0.942	0	0	0.799	0.988
rpsM	trmD	208964.PA4241	208964.PA3743	0.063	0	0.200	0	0.779	0	0	0.231	0.855
rpsM	rpsP	208964.PA4241	208964.PA3745	0.094	0	0.199	0	0.912	0.959	0	0.358	0.998
rpsM	rpsR	208964.PA4241	208964.PA4934	0	0	0.370	0	0.958	0.959	0	0.243	0.999
rpsP	rpsU	208964.PA3745	208964.PA0579	0.182	0	0	0	0.929	0.959	0	0.358	0.998
rpsP	tsf	208964.PA3745	208964.PA3655	0.119	0	0.218	0	0.939	0	0.160	0.358	0.973
rpsP	trmD	208964.PA3745	208964.PA3743	0.779	0	0.317	0	0.974	0	0	0.546	0.998
rpsP	tpiA	208964.PA3745	208964.PA4748	0.116	0	0	0	0.471	0	0	0	0.513
rpsP	rpsR	208964.PA3745	208964.PA4934	0	0	0.488	0	0.946	0.959	0	0.271	0.999
rpsR	rpsU	208964.PA4934	208964.PA0579	0	0	0	0	0.766	0.979	0	0.503	0.997
rpsR	tsf	208964.PA4934	208964.PA3655	0.066	0	0.305	0	0.933	0	0	0.358	0.968
rpsR	trmD	208964.PA4934	208964.PA3743	0.060	0	0.467	0	0.956	0	0	0.242	0.981
rpsU	tsf	208964.PA0579	208964.PA3655	0.070	0	0	0	0.605	0	0	0	0.617
rpsU	trmD	208964.PA0579	208964.PA3743	0.068	0	0	0	0.621	0	0	0	0.632
tpiA	tsf	208964.PA4748	208964.PA3655	0.073	0	0.157	0	0.390	0.104	0	0.409	0.702
tpiA	trmD	208964.PA4748	208964.PA3743	0.065	0	0.166	0	0.660	0	0	0.079	0.723
trmD	tsf	208964.PA3743	208964.PA3655	0.152	0	0.260	0	0.921	0	0	0.357	0.964
